DES,CYTR,STK,SMART/ISLAND,,,,,USD,|BOT|01/06/2015|3|+NRB|+NRB|-WRB
DES,FRO,STK,SMART/ISLAND,,,,,USD,|BOT|01/06/2015|3|+NRB|+NRB|-WRB
DES,CMC,STK,SMART/ISLAND,,,,,USD,|SLD|01/06/2015|3|+NRB|+NRB|-WRB
DES,XOOM,STK,SMART/ISLAND,,,,,USD,|SLD|01/06/2015|3|+NRB|+NRB|-WRB
DES,KORS,STK,SMART/ISLAND,,,,,USD,|SLD|01/06/2015|3|+NRB|+NRB|-WRB
DES,JCP,STK,SMART/ISLAND,,,,,USD,|BOT|01/07/2015|3|+NRB|+NRB|+NRB
DES,ARNA,STK,SMART/ISLAND,,,,,USD,|BOT|01/07/2015|3|+NRB|+NRB|+NRB
DES,SONC,STK,SMART/ISLAND,,,,,USD,|BOT|01/07/2015|3|+NRB|+NRB|+NRB
DES,FRO,STK,SMART/ISLAND,,,,,USD,|BOT|01/07/2015|3|+NRB|+NRB|+NRB
DES,MU,STK,SMART/ISLAND,,,,,USD,|SLD|01/07/2015|3|+NRB|+NRB|+NRB
DES,RPM,STK,SMART/ISLAND,,,,,USD,|SLD|01/07/2015|3|+NRB|+NRB|+NRB
DES,STZ,STK,SMART/ISLAND,,,,,USD,|BOT|01/08/2015|3|+NRB|+NRB|+NRB
DES,PIR,STK,SMART/ISLAND,,,,,USD,|BOT|01/08/2015|3|+NRB|+NRB|+NRB
DES,ISIS,STK,SMART/ISLAND,,,,,USD,|BOT|01/08/2015|3|+NRB|+NRB|+NRB
DES,NBIX,STK,SMART/ISLAND,,,,,USD,|BOT|01/08/2015|3|+NRB|+NRB|+NRB
DES,GPN,STK,SMART/ISLAND,,,,,USD,|BOT|01/08/2015|3|+NRB|+NRB|+NRB
DES,APOL,STK,SMART/ISLAND,,,,,USD,|SLD|01/08/2015|3|+NRB|+NRB|+NRB
DES,SIG,STK,SMART/ISLAND,,,,,USD,|SLD|01/08/2015|3|+NRB|+NRB|+NRB
DES,INFY,STK,SMART/ISLAND,,,,,USD,|BOT|01/09/2015|3|+NRB|-NRB|-NRB
DES,BBBY,STK,SMART/ISLAND,,,,,USD,|SLD|01/09/2015|3|+NRB|-NRB|-NRB
DES,RT,STK,SMART/ISLAND,,,,,USD,|SLD|01/09/2015|3|+NRB|-NRB|-NRB
DES,FIVE,STK,SMART/ISLAND,,,,,USD,|SLD|01/09/2015|3|+NRB|-NRB|-NRB
DES,CNAT,STK,SMART/ISLAND,,,,,USD,|SLD|01/09/2015|3|+NRB|-NRB|-NRB
DES,BMY,STK,SMART/ISLAND,,,,,USD,|BOT|01/12/2015|3|+NRB|-NRB|-NRB
DES,LULU,STK,SMART/ISLAND,,,,,USD,|BOT|01/12/2015|3|+NRB|-NRB|-NRB
DES,NPSP,STK,SMART/ISLAND,,,,,USD,|BOT|01/12/2015|3|+NRB|-NRB|-NRB
DES,TKMR,STK,SMART/ISLAND,,,,,USD,|BOT|01/12/2015|3|+NRB|-NRB|-NRB
DES,FMI,STK,SMART/ISLAND,,,,,USD,|BOT|01/12/2015|3|+NRB|-NRB|-NRB
DES,TIF,STK,SMART/ISLAND,,,,,USD,|SLD|01/12/2015|3|+NRB|-NRB|-NRB
DES,SNDK,STK,SMART/ISLAND,,,,,USD,|SLD|01/12/2015|3|+NRB|-NRB|-NRB
DES,AA,STK,SMART/ISLAND,,,,,USD,|BOT|01/13/2015|3|+NRB|+NRB|-WRB
DES,PCYC,STK,SMART/ISLAND,,,,,USD,|BOT|01/13/2015|3|+NRB|+NRB|-WRB
DES,GME,STK,SMART/ISLAND,,,,,USD,|BOT|01/14/2015|3|-WRB|+NRB|+NRB
DES,ZIOP,STK,SMART/ISLAND,,,,,USD,|BOT|01/14/2015|3|-WRB|+NRB|+NRB
DES,TSLA,STK,SMART/ISLAND,,,,,USD,|SLD|01/14/2015|3|-WRB|+NRB|+NRB
DES,JPM,STK,SMART/ISLAND,,,,,USD,|SLD|01/14/2015|3|-WRB|+NRB|+NRB
DES,WFC,STK,SMART/ISLAND,,,,,USD,|SLD|01/14/2015|3|-WRB|+NRB|+NRB
DES,FCX,STK,SMART/ISLAND,,,,,USD,|SLD|01/14/2015|3|-WRB|+NRB|+NRB
DES,PPC,STK,SMART/ISLAND,,,,,USD,|BOT|01/15/2015|3|+NRB|-NRB|-WRB
DES,TGT,STK,SMART/ISLAND,,,,,USD,|BOT|01/15/2015|3|+NRB|-NRB|-WRB
DES,TSM,STK,SMART/ISLAND,,,,,USD,|BOT|01/15/2015|3|+NRB|-NRB|-WRB
DES,BBY,STK,SMART/ISLAND,,,,,USD,|SLD|01/15/2015|3|+NRB|-NRB|-WRB
DES,BAC,STK,SMART/ISLAND,,,,,USD,|SLD|01/15/2015|3|+NRB|-NRB|-WRB
DES,BBRY,STK,SMART/ISLAND,,,,,USD,|SLD|01/15/2015|3|+NRB|-NRB|-WRB
DES,PNC,STK,SMART/ISLAND,,,,,USD,|BOT|01/16/2015|3|-NRB|-NRB|-NRB
DES,ATVI,STK,SMART/ISLAND,,,,,USD,|BOT|01/16/2015|3|-NRB|-NRB|-NRB
DES,UBS,STK,SMART/ISLAND,,,,,USD,|SLD|01/16/2015|3|-NRB|-NRB|-NRB
DES,PCP,STK,SMART/ISLAND,,,,,USD,|SLD|01/16/2015|3|-NRB|-NRB|-NRB
DES,SWHC,STK,SMART/ISLAND,,,,,USD,|BOT|01/20/2015|3|+NRB|+NRB|-NRB
DES,MTG,STK,SMART/ISLAND,,,,,USD,|BOT|01/20/2015|3|+NRB|+NRB|-NRB
DES,OUTR,STK,SMART/ISLAND,,,,,USD,|SLD|01/20/2015|3|+NRB|+NRB|-NRB
DES,MS,STK,SMART/ISLAND,,,,,USD,|SLD|01/20/2015|3|+NRB|+NRB|-NRB
DES,SAP,STK,SMART/ISLAND,,,,,USD,|SLD|01/20/2015|3|+NRB|+NRB|-NRB
DES,EXPR,STK,SMART/ISLAND,,,,,USD,|SLD|01/20/2015|3|+NRB|+NRB|-NRB
DES,NFLX,STK,SMART/ISLAND,,,,,USD,|BOT|01/21/2015|3|-NRB|-NRB|+NRB
DES,ADTN,STK,SMART/ISLAND,,,,,USD,|BOT|01/21/2015|3|-NRB|-NRB|+NRB
DES,CREE,STK,SMART/ISLAND,,,,,USD,|BOT|01/21/2015|3|-NRB|-NRB|+NRB
DES,NTRS,STK,SMART/ISLAND,,,,,USD,|BOT|01/21/2015|3|-NRB|-NRB|+NRB
DES,IBM,STK,SMART/ISLAND,,,,,USD,|SLD|01/21/2015|3|-NRB|-NRB|+NRB
DES,KEY,STK,SMART/ISLAND,,,,,USD,|BOT|01/22/2015|3|+NRB|-NRB|+WRB
DES,URI,STK,SMART/ISLAND,,,,,USD,|BOT|01/22/2015|3|+NRB|-NRB|+WRB
DES,LUV,STK,SMART/ISLAND,,,,,USD,|BOT|01/22/2015|3|+NRB|-NRB|+WRB
DES,ALK,STK,SMART/ISLAND,,,,,USD,|BOT|01/22/2015|3|+NRB|-NRB|+WRB
DES,UAL,STK,SMART/ISLAND,,,,,USD,|BOT|01/22/2015|3|+NRB|-NRB|+WRB
DES,EBAY,STK,SMART/ISLAND,,,,,USD,|BOT|01/22/2015|3|+NRB|-NRB|+WRB
DES,XLNX,STK,SMART/ISLAND,,,,,USD,|SLD|01/22/2015|3|+NRB|-NRB|+WRB
DES,DFS,STK,SMART/ISLAND,,,,,USD,|SLD|01/22/2015|3|+NRB|-NRB|+WRB
DES,SNDK,STK,SMART/ISLAND,,,,,USD,|SLD|01/22/2015|3|+NRB|-NRB|+WRB
DES,SLM,STK,SMART/ISLAND,,,,,USD,|SLD|01/22/2015|3|+NRB|-NRB|+WRB
DES,FFIV,STK,SMART/ISLAND,,,,,USD,|SLD|01/22/2015|3|+NRB|-NRB|+WRB
DES,AXP,STK,SMART/ISLAND,,,,,USD,|SLD|01/22/2015|3|+NRB|-NRB|+WRB
DES,PCP,STK,SMART/ISLAND,,,,,USD,|SLD|01/22/2015|3|+NRB|-NRB|+WRB
DES,INFN,STK,SMART/ISLAND,,,,,USD,|BOT|01/23/2015|3|-NRB|+NRB|-NRB
DES,SBUX,STK,SMART/ISLAND,,,,,USD,|BOT|01/23/2015|3|-NRB|+NRB|-NRB
DES,MXIM,STK,SMART/ISLAND,,,,,USD,|BOT|01/23/2015|3|-NRB|+NRB|-NRB
DES,ETFC,STK,SMART/ISLAND,,,,,USD,|BOT|01/23/2015|3|-NRB|+NRB|-NRB
DES,RMD,STK,SMART/ISLAND,,,,,USD,|BOT|01/23/2015|3|-NRB|+NRB|-NRB
DES,ALTR,STK,SMART/ISLAND,,,,,USD,|SLD|01/23/2015|3|-NRB|+NRB|-NRB
DES,KMB,STK,SMART/ISLAND,,,,,USD,|SLD|01/23/2015|3|-NRB|+NRB|-NRB
DES,DWA,STK,SMART/ISLAND,,,,,USD,|SLD|01/23/2015|3|-NRB|+NRB|-NRB
DES,UPS,STK,SMART/ISLAND,,,,,USD,|SLD|01/23/2015|3|-NRB|+NRB|-NRB
DES,KLAC,STK,SMART/ISLAND,,,,,USD,|SLD|01/23/2015|3|-NRB|+NRB|-NRB
DES,KSU,STK,SMART/ISLAND,,,,,USD,|SLD|01/23/2015|3|-NRB|+NRB|-NRB
DES,LF,STK,SMART/ISLAND,,,,,USD,|SLD|01/23/2015|3|-NRB|+NRB|-NRB
DES,DHI,STK,SMART/ISLAND,,,,,USD,|BOT|01/26/2015|3|-NRB|+NRB|+NRB
DES,RKT,STK,SMART/ISLAND,,,,,USD,|BOT|01/26/2015|3|-NRB|+NRB|+NRB
DES,OCN,STK,SMART/ISLAND,,,,,USD,|BOT|01/26/2015|3|-NRB|+NRB|+NRB
DES,MWV,STK,SMART/ISLAND,,,,,USD,|BOT|01/26/2015|3|-NRB|+NRB|+NRB
DES,OLED,STK,SMART/ISLAND,,,,,USD,|BOT|01/26/2015|3|-NRB|+NRB|+NRB
DES,STX,STK,SMART/ISLAND,,,,,USD,|SLD|01/26/2015|3|-NRB|+NRB|+NRB
DES,MAT,STK,SMART/ISLAND,,,,,USD,|SLD|01/26/2015|3|-NRB|+NRB|+NRB
DES,BKD,STK,SMART/ISLAND,,,,,USD,|SLD|01/26/2015|3|-NRB|+NRB|+NRB
DES,GWW,STK,SMART/ISLAND,,,,,USD,|SLD|01/26/2015|3|-NRB|+NRB|+NRB
DES,AKS,STK,SMART/ISLAND,,,,,USD,|BOT|01/27/2015|3|-WRB|+NRB|+NRB
DES,SIMG,STK,SMART/ISLAND,,,,,USD,|BOT|01/27/2015|3|-WRB|+NRB|+NRB
DES,PKG,STK,SMART/ISLAND,,,,,USD,|SLD|01/27/2015|3|-WRB|+NRB|+NRB
DES,SANM,STK,SMART/ISLAND,,,,,USD,|SLD|01/27/2015|3|-WRB|+NRB|+NRB
DES,PG,STK,SMART/ISLAND,,,,,USD,|SLD|01/27/2015|3|-WRB|+NRB|+NRB
DES,CAT,STK,SMART/ISLAND,,,,,USD,|SLD|01/27/2015|3|-WRB|+NRB|+NRB
DES,INTC,STK,SMART/ISLAND,,,,,USD,|SLD|01/27/2015|3|-WRB|+NRB|+NRB
DES,MSFT,STK,SMART/ISLAND,,,,,USD,|SLD|01/27/2015|3|-WRB|+NRB|+NRB
DES,DD,STK,SMART/ISLAND,,,,,USD,|SLD|01/27/2015|3|-WRB|+NRB|+NRB
DES,UTX,STK,SMART/ISLAND,,,,,USD,|SLD|01/27/2015|3|-WRB|+NRB|+NRB
DES,FCX,STK,SMART/ISLAND,,,,,USD,|SLD|01/27/2015|3|-WRB|+NRB|+NRB
DES,X,STK,SMART/ISLAND,,,,,USD,|BOT|01/28/2015|3|+NRB|-NRB|-WRB
DES,AAPL,STK,SMART/ISLAND,,,,,USD,|BOT|01/28/2015|3|+NRB|-NRB|-WRB
DES,TUP,STK,SMART/ISLAND,,,,,USD,|BOT|01/28/2015|3|+NRB|-NRB|-WRB
DES,EA,STK,SMART/ISLAND,,,,,USD,|BOT|01/28/2015|3|+NRB|-NRB|-WRB
DES,JNPR,STK,SMART/ISLAND,,,,,USD,|BOT|01/28/2015|3|+NRB|-NRB|-WRB
DES,BA,STK,SMART/ISLAND,,,,,USD,|BOT|01/28/2015|3|+NRB|-NRB|-WRB
DES,WDC,STK,SMART/ISLAND,,,,,USD,|BOT|01/28/2015|3|+NRB|-NRB|-WRB
DES,YHOO,STK,SMART/ISLAND,,,,,USD,|BOT|01/28/2015|3|+NRB|-NRB|-WRB
DES,TEL,STK,SMART/ISLAND,,,,,USD,|BOT|01/28/2015|3|+NRB|-NRB|-WRB
DES,ABC,STK,SMART/ISLAND,,,,,USD,|BOT|01/28/2015|3|+NRB|-NRB|-WRB
DES,FSL,STK,SMART/ISLAND,,,,,USD,|BOT|01/28/2015|3|+NRB|-NRB|-WRB
DES,LVS,STK,SMART/ISLAND,,,,,USD,|BOT|01/29/2015|3|+NRB|+NRB|+NRB
DES,CTXS,STK,SMART/ISLAND,,,,,USD,|BOT|01/29/2015|3|+NRB|+NRB|+NRB
DES,NOW,STK,SMART/ISLAND,,,,,USD,|BOT|01/29/2015|3|+NRB|+NRB|+NRB
DES,CL,STK,SMART/ISLAND,,,,,USD,|BOT|01/29/2015|3|+NRB|+NRB|+NRB
DES,KATE,STK,SMART/ISLAND,,,,,USD,|BOT|01/29/2015|3|+NRB|+NRB|+NRB
DES,FLEX,STK,SMART/ISLAND,,,,,USD,|BOT|01/29/2015|3|+NRB|+NRB|+NRB
DES,HAR,STK,SMART/ISLAND,,,,,USD,|BOT|01/29/2015|3|+NRB|+NRB|+NRB
DES,COH,STK,SMART/ISLAND,,,,,USD,|BOT|01/29/2015|3|+NRB|+NRB|+NRB
DES,OPK,STK,SMART/ISLAND,,,,,USD,|BOT|01/29/2015|3|+NRB|+NRB|+NRB
DES,FTNT,STK,SMART/ISLAND,,,,,USD,|SLD|01/29/2015|3|+NRB|+NRB|+NRB
DES,CLB,STK,SMART/ISLAND,,,,,USD,|SLD|01/29/2015|3|+NRB|+NRB|+NRB
DES,HP,STK,SMART/ISLAND,,,,,USD,|SLD|01/29/2015|3|+NRB|+NRB|+NRB
DES,QCOM,STK,SMART/ISLAND,,,,,USD,|SLD|01/29/2015|3|+NRB|+NRB|+NRB
DES,HSY,STK,SMART/ISLAND,,,,,USD,|SLD|01/29/2015|3|+NRB|+NRB|+NRB
DES,CCL,STK,SMART/ISLAND,,,,,USD,|SLD|01/29/2015|3|+NRB|+NRB|+NRB
DES,RCL,STK,SMART/ISLAND,,,,,USD,|SLD|01/29/2015|3|+NRB|+NRB|+NRB
DES,BABA,STK,SMART/ISLAND,,,,,USD,|SLD|01/29/2015|3|+NRB|+NRB|+NRB
DES,YHOO,STK,SMART/ISLAND,,,,,USD,|SLD|01/29/2015|3|+NRB|+NRB|+NRB
DES,VRTX,STK,SMART/ISLAND,,,,,USD,|SLD|01/29/2015|3|+NRB|+NRB|+NRB
DES,STLD,STK,SMART/ISLAND,,,,,USD,|SLD|01/29/2015|3|+NRB|+NRB|+NRB
DES,BIIB,STK,SMART/ISLAND,,,,,USD,|BOT|01/30/2015|3|-NRB|+NRB|+NRB
DES,SYNA,STK,SMART/ISLAND,,,,,USD,|BOT|01/30/2015|3|-NRB|+NRB|+NRB
DES,QLGC,STK,SMART/ISLAND,,,,,USD,|BOT|01/30/2015|3|-NRB|+NRB|+NRB
DES,AMZN,STK,SMART/ISLAND,,,,,USD,|BOT|01/30/2015|3|-NRB|+NRB|+NRB
DES,V,STK,SMART/ISLAND,,,,,USD,|BOT|01/30/2015|3|-NRB|+NRB|+NRB
DES,MA,STK,SMART/ISLAND,,,,,USD,|BOT|01/30/2015|3|-NRB|+NRB|+NRB
DES,DECK,STK,SMART/ISLAND,,,,,USD,|SLD|01/30/2015|3|-NRB|+NRB|+NRB
DES,HA,STK,SMART/ISLAND,,,,,USD,|SLD|01/30/2015|3|-NRB|+NRB|+NRB
DES,DKS,STK,SMART/ISLAND,,,,,USD,|SLD|01/30/2015|3|-NRB|+NRB|+NRB
DES,TYC,STK,SMART/ISLAND,,,,,USD,|SLD|01/30/2015|3|-NRB|+NRB|+NRB
DES,BERY,STK,SMART/ISLAND,,,,,USD,|SLD|01/30/2015|3|-NRB|+NRB|+NRB
DES,WY,STK,SMART/ISLAND,,,,,USD,|SLD|01/30/2015|3|-NRB|+NRB|+NRB
DES,ALGN,STK,SMART/ISLAND,,,,,USD,|SLD|01/30/2015|3|-NRB|+NRB|+NRB
DES,XRX,STK,SMART/ISLAND,,,,,USD,|SLD|01/30/2015|3|-NRB|+NRB|+NRB
DES,MAS,STK,SMART/ISLAND,,,,,USD,|BOT|02/09/2015|3|+NRB|+NRB|+NRB
DES,HAS,STK,SMART/ISLAND,,,,,USD,|BOT|02/09/2015|3|+NRB|+NRB|+NRB
DES,MSI,STK,SMART/ISLAND,,,,,USD,|BOT|02/09/2015|3|+NRB|+NRB|+NRB
DES,DO,STK,SMART/ISLAND,,,,,USD,|SLD|02/09/2015|3|+NRB|+NRB|+NRB
DES,SOHU,STK,SMART/ISLAND,,,,,USD,|SLD|02/09/2015|3|+NRB|+NRB|+NRB
DES,FSC,STK,SMART/ISLAND,,,,,USD,|SLD|02/09/2015|3|+NRB|+NRB|+NRB
DES,RGLS,STK,SMART/ISLAND,,,,,USD,|SLD|02/09/2015|3|+NRB|+NRB|+NRB
DES,AAL,STK,SMART/ISLAND,,,,,USD,|SLD|02/09/2015|3|+NRB|+NRB|+NRB
DES,AMKR,STK,SMART/ISLAND,,,,,USD,|BOT|02/10/2015|3|+NRB|+NRB|+NRB
DES,ARO,STK,SMART/ISLAND,,,,,USD,|BOT|02/10/2015|3|+NRB|+NRB|+NRB
DES,MWW,STK,SMART/ISLAND,,,,,USD,|BOT|02/10/2015|3|+NRB|+NRB|+NRB
DES,HOT,STK,SMART/ISLAND,,,,,USD,|BOT|02/10/2015|3|+NRB|+NRB|+NRB
DES,SEE,STK,SMART/ISLAND,,,,,USD,|BOT|02/10/2015|3|+NRB|+NRB|+NRB
DES,XON,STK,SMART/ISLAND,,,,,USD,|BOT|02/10/2015|3|+NRB|+NRB|+NRB
DES,KO,STK,SMART/ISLAND,,,,,USD,|BOT|02/10/2015|3|+NRB|+NRB|+NRB
DES,TDW,STK,SMART/ISLAND,,,,,USD,|BOT|02/10/2015|3|+NRB|+NRB|+NRB
DES,MLM,STK,SMART/ISLAND,,,,,USD,|BOT|02/10/2015|3|+NRB|+NRB|+NRB
DES,URBN,STK,SMART/ISLAND,,,,,USD,|BOT|02/10/2015|3|+NRB|+NRB|+NRB
DES,KKR,STK,SMART/ISLAND,,,,,USD,|SLD|02/10/2015|3|+NRB|+NRB|+NRB
DES,ALSN,STK,SMART/ISLAND,,,,,USD,|SLD|02/10/2015|3|+NRB|+NRB|+NRB
DES,CSC,STK,SMART/ISLAND,,,,,USD,|SLD|02/10/2015|3|+NRB|+NRB|+NRB
DES,DF,STK,SMART/ISLAND,,,,,USD,|SLD|02/10/2015|3|+NRB|+NRB|+NRB
DES,COUP,STK,SMART/ISLAND,,,,,USD,|SLD|02/10/2015|3|+NRB|+NRB|+NRB
DES,SALE,STK,SMART/ISLAND,,,,,USD,|SLD|02/10/2015|3|+NRB|+NRB|+NRB
DES,GNW,STK,SMART/ISLAND,,,,,USD,|BOT|02/11/2015|3|+NRB|+NRB|+NRB
DES,CHS,STK,SMART/ISLAND,,,,,USD,|BOT|02/11/2015|3|+NRB|+NRB|+NRB
DES,GNRC,STK,SMART/ISLAND,,,,,USD,|BOT|02/11/2015|3|+NRB|+NRB|+NRB
DES,THOR,STK,SMART/ISLAND,,,,,USD,|BOT|02/11/2015|3|+NRB|+NRB|+NRB
DES,RAD,STK,SMART/ISLAND,,,,,USD,|BOT|02/11/2015|3|+NRB|+NRB|+NRB
DES,AKAM,STK,SMART/ISLAND,,,,,USD,|BOT|02/11/2015|3|+NRB|+NRB|+NRB
DES,PAYC,STK,SMART/ISLAND,,,,,USD,|BOT|02/11/2015|3|+NRB|+NRB|+NRB
DES,AOL,STK,SMART/ISLAND,,,,,USD,|SLD|02/11/2015|3|+NRB|+NRB|+NRB
DES,ARMK,STK,SMART/ISLAND,,,,,USD,|SLD|02/11/2015|3|+NRB|+NRB|+NRB
DES,PXD,STK,SMART/ISLAND,,,,,USD,|SLD|02/11/2015|3|+NRB|+NRB|+NRB
DES,TRMB,STK,SMART/ISLAND,,,,,USD,|SLD|02/11/2015|3|+NRB|+NRB|+NRB
DES,WBAI,STK,SMART/ISLAND,,,,,USD,|SLD|02/11/2015|3|+NRB|+NRB|+NRB
DES,PIR,STK,SMART/ISLAND,,,,,USD,|SLD|02/11/2015|3|+NRB|+NRB|+NRB 
DES,FEYE,STK,SMART/ISLAND,,,,,USD,|BOT|02/12/2015|3|+NRB|+NRB|+NRB
DES,CSCO,STK,SMART/ISLAND,,,,,USD,|BOT|02/12/2015|3|+NRB|+NRB|+NRB
DES,NVDA,STK,SMART/ISLAND,,,,,USD,|BOT|02/12/2015|3|+NRB|+NRB|+NRB
DES,JAH,STK,SMART/ISLAND,,,,,USD,|BOT|02/12/2015|3|+NRB|+NRB|+NRB
DES,TRIP,STK,SMART/ISLAND,,,,,USD,|BOT|02/12/2015|3|+NRB|+NRB|+NRB
DES,CJES,STK,SMART/ISLAND,,,,,USD,|BOT|02/12/2015|3|+NRB|+NRB|+NRB
DES,WWAV,STK,SMART/ISLAND,,,,,USD,|BOT|02/12/2015|3|+NRB|+NRB|+NRB
DES,WWE,STK,SMART/ISLAND,,,,,USD,|BOT|02/12/2015|3|+NRB|+NRB|+NRB
DES,GNC,STK,SMART/ISLAND,,,,,USD,|BOT|02/12/2015|3|+NRB|+NRB|+NRB
DES,AXP,STK,SMART/ISLAND,,,,,USD,|SLD|02/12/2015|3|+NRB|+NRB|+NRB
DES,K,STK,SMART/ISLAND,,,,,USD,|SLD|02/12/2015|3|+NRB|+NRB|+NRB
DES,NTAP,STK,SMART/ISLAND,,,,,USD,|SLD|02/12/2015|3|+NRB|+NRB|+NRB
DES,TSO,STK,SMART/ISLAND,,,,,USD,|SLD|02/12/2015|3|+NRB|+NRB|+NRB
DES,CAKE,STK,SMART/ISLAND,,,,,USD,|SLD|02/12/2015|3|+NRB|+NRB|+NRB
DES,BIDU,STK,SMART/ISLAND,,,,,USD,|SLD|02/12/2015|3|+NRB|+NRB|+NRB
DES,TSLA,STK,SMART/ISLAND,,,,,USD,|SLD|02/12/2015|3|+NRB|+NRB|+NRB
DES,PNRA,STK,SMART/ISLAND,,,,,USD,|SLD|02/12/2015|3|+NRB|+NRB|+NRB
DES,OII,STK,SMART/ISLAND,,,,,USD,|SLD|02/12/2015|3|+NRB|+NRB|+NRB
DES,CAB,STK,SMART/ISLAND,,,,,USD,|SLD|02/12/2015|3|+NRB|+NRB|+NRB
DES,AAP,STK,SMART/ISLAND,,,,,USD,|SLD|02/12/2015|3|+NRB|+NRB|+NRB
DES,CBS,STK,SMART/ISLAND,,,,,USD,|BOT|02/13/2015|3|+NRB|+NRB|+NRB
DES,GENE,STK,SMART/ISLAND,,,,,USD,|BOT|02/13/2015|3|+NRB|+NRB|+NRB
DES,ITT,STK,SMART/ISLAND,,,,,USD,|BOT|02/13/2015|3|+NRB|+NRB|+NRB
DES,KING,STK,SMART/ISLAND,,,,,USD,|BOT|02/13/2015|3|+NRB|+NRB|+NRB
DES,CYBR,STK,SMART/ISLAND,,,,,USD,|BOT|02/13/2015|3|+NRB|+NRB|+NRB
DES,SJM,STK,SMART/ISLAND,,,,,USD,|SLD|02/13/2015|3|+NRB|+NRB|+NRB
DES,AIG,STK,SMART/ISLAND,,,,,USD,|SLD|02/13/2015|3|+NRB|+NRB|+NRB
DES,SFLY,STK,SMART/ISLAND,,,,,USD,|SLD|02/13/2015|3|+NRB|+NRB|+NRB
DES,KN,STK,SMART/ISLAND,,,,,USD,|SLD|02/13/2015|3|+NRB|+NRB|+NRB
DES,ZNGA,STK,SMART/ISLAND,,,,,USD,|SLD|02/13/2015|3|+NRB|+NRB|+NRB 
DES,ZU,STK,SMART/ISLAND,,,,,USD,|SLD|02/12/2015|3|+NRB|+NRB|+NRB
DES,WM,STK,SMART/ISLAND,,,,,USD,|BOT|02/17/2015|3|-NRB|+NRB|+NRB
DES,VDSI,STK,SMART/ISLAND,,,,,USD,|BOT|02/17/2015|3|-NRB|+NRB|+NRB
DES,GT,STK,SMART/ISLAND,,,,,USD,|BOT|02/17/2015|3|-NRB|+NRB|+NRB
DES,VIPS,STK,SMART/ISLAND,,,,,USD,|BOT|02/17/2015|3|-NRB|+NRB|+NRB
DES,GENE,STK,SMART/ISLAND,,,,,USD,|BOT|02/17/2015|3|-NRB|+NRB|+NRB
DES,WWW,STK,SMART/ISLAND,,,,,USD,|SLD|02/17/2015|3|-NRB|+NRB|+NRB
DES,AGIO,STK,SMART/ISLAND,,,,,USD,|SLD|02/17/2015|3|-NRB|+NRB|+NRB 
DES,YNDX,STK,SMART/ISLAND,,,,,USD,|BOT|02/18/2015|3|-NRB|-NRB|+NRB
DES,JACK,STK,SMART/ISLAND,,,,,USD,|BOT|02/18/2015|3|-NRB|-NRB|+NRB
DES,VA,STK,SMART/ISLAND,,,,,USD,|BOT|02/18/2015|3|-NRB|-NRB|+NRB
DES,BSX,STK,SMART/ISLAND,,,,,USD,|BOT|02/18/2015|3|-NRB|-NRB|+NRB
DES,ANGI,STK,SMART/ISLAND,,,,,USD,|BOT|02/18/2015|3|-NRB|-NRB|+NRB
DES,FOSL,STK,SMART/ISLAND,,,,,USD,|SLD|02/18/2015|3|-NRB|-NRB|+NRB
DES,GRMN,STK,SMART/ISLAND,,,,,USD,|SLD|02/18/2015|3|-NRB|-NRB|+NRB
DES,TEX,STK,SMART/ISLAND,,,,,USD,|SLD|02/18/2015|3|-NRB|-NRB|+NRB
DES,FE,STK,SMART/ISLAND,,,,,USD,|SLD|02/18/2015|3|-NRB|-NRB|+NRB
DES,PCLN,STK,SMART/ISLAND,,,,,USD,|BOT|02/19/2015|3|-NRB|+NRB|+NRB
DES,SIX,STK,SMART/ISLAND,,,,,USD,|BOT|02/19/2015|3|-NRB|+NRB|+NRB
DES,MAR,STK,SMART/ISLAND,,,,,USD,|BOT|02/19/2015|3|-NRB|+NRB|+NRB
DES,SNPS,STK,SMART/ISLAND,,,,,USD,|BOT|02/19/2015|3|-NRB|+NRB|+NRB
DES,TRN,STK,SMART/ISLAND,,,,,USD,|BOT|02/19/2015|3|-NRB|+NRB|+NRB
DES,HST,STK,SMART/ISLAND,,,,,USD,|SLD|02/19/2015|3|-NRB|+NRB|+NRB
DES,SCTY,STK,SMART/ISLAND,,,,,USD,|SLD|02/19/2015|3|-NRB|+NRB|+NRB
DES,VNDA,STK,SMART/ISLAND,,,,,USD,|SLD|02/19/2015|3|-NRB|+NRB|+NRB
DES,DAN,STK,SMART/ISLAND,,,,,USD,|SLD|02/19/2015|3|-NRB|+NRB|+NRB
DES,EOG,STK,SMART/ISLAND,,,,,USD,|SLD|02/19/2015|3|-NRB|+NRB|+NRB
DES,INTU,STK,SMART/ISLAND,,,,,USD,|BOT|02/20/2015|3|-NRB|+NRB|+NRB
DES,ANET,STK,SMART/ISLAND,,,,,USD,|BOT|02/20/2015|3|-NRB|+NRB|+NRB
DES,CYH,STK,SMART/ISLAND,,,,,USD,|BOT|02/20/2015|3|-NRB|+NRB|+NRB
DES,LH,STK,SMART/ISLAND,,,,,USD,|BOT|02/20/2015|3|-NRB|+NRB|+NRB
DES,IPGP,STK,SMART/ISLAND,,,,,USD,|BOT|02/20/2015|3|-NRB|+NRB|+NRB
DES,PNW,STK,SMART/ISLAND,,,,,USD,|SLD|02/20/2015|3|-NRB|+NRB|+NRB
DES,FUEL,STK,SMART/ISLAND,,,,,USD,|SLD|02/20/2015|3|-NRB|+NRB|+NRB
DES,DE,STK,SMART/ISLAND,,,,,USD,|SLD|02/20/2015|3|-NRB|+NRB|+NRB
DES,MRC,STK,SMART/ISLAND,,,,,USD,|SLD|02/20/2015|3|-NRB|+NRB|+NRB
DES,TRUE,STK,SMART/ISLAND,,,,,USD,|SLD|02/20/2015|3|-NRB|+NRB|+NRB
DES,CLDX,STK,SMART/ISLAND,,,,,USD,|BOT|02/23/2015|3|-NRB|+NRB|+NRB
DES,AWI,STK,SMART/ISLAND,,,,,USD,|BOT|02/23/2015|3|-NRB|+NRB|+NRB
DES,AER,STK,SMART/ISLAND,,,,,USD,|BOT|02/23/2015|3|-NRB|+NRB|+NRB
DES,VRX,STK,SMART/ISLAND,,,,,USD,|BOT|02/23/2015|3|-NRB|+NRB|+NRB
DES,DNOW,STK,SMART/ISLAND,,,,,USD,|SLD|02/23/2015|3|-NRB|+NRB|+NRB
DES,SPPI,STK,SMART/ISLAND,,,,,USD,|SLD|02/23/2015|3|-NRB|+NRB|+NRB
DES,TOL,STK,SMART/ISLAND,,,,,USD,|BOT|02/24/2015|3|+NRB|+NRB|+NRB
DES,HD,STK,SMART/ISLAND,,,,,USD,|BOT|02/24/2015|3|+NRB|+NRB|+NRB
DES,DEPO,STK,SMART/ISLAND,,,,,USD,|BOT|02/24/2015|3|+NRB|+NRB|+NRB
DES,SPWR,STK,SMART/ISLAND,,,,,USD,|BOT|02/24/2015|3|+NRB|+NRB|+NRB
DES,FSLR,STK,SMART/ISLAND,,,,,USD,|BOT|02/24/2015|3|+NRB|+NRB|+NRB
DES,ALKS,STK,SMART/ISLAND,,,,,USD,|SLD|02/24/2015|3|+NRB|+NRB|+NRB
DES,PDLI,STK,SMART/ISLAND,,,,,USD,|SLD|02/24/2015|3|+NRB|+NRB|+NRB
DES,ROSE,STK,SMART/ISLAND,,,,,USD,|SLD|02/24/2015|3|+NRB|+NRB|+NRB
DES,WIN,STK,SMART/ISLAND,,,,,USD,|SLD|02/24/2015|3|+NRB|+NRB|+NRB 
DES,CBI,STK,SMART/ISLAND,,,,,USD,|BOT|02/25/2015|3|-NRB|+NRB|+NRB
DES,MGA,STK,SMART/ISLAND,,,,,USD,|BOT|02/25/2015|3|-NRB|+NRB|+NRB
DES,JCP,STK,SMART/ISLAND,,,,,USD,|BOT|02/25/2015|3|-NRB|+NRB|+NRB
DES,HPQ,STK,SMART/ISLAND,,,,,USD,|SLD|02/25/2015|3|-NRB|+NRB|+NRB
DES,LL,STK,SMART/ISLAND,,,,,USD,|SLD|02/25/2015|3|-NRB|+NRB|+NRB
DES,CHS,STK,SMART/ISLAND,,,,,USD,|SLD|02/25/2015|3|-NRB|+NRB|+NRB
DES,CHK,STK,SMART/ISLAND,,,,,USD,|SLD|02/25/2015|3|-NRB|+NRB|+NRB
DES,CLGX,STK,SMART/ISLAND,,,,,USD,|SLD|02/25/2015|3|-NRB|+NRB|+NRB
DES,LC,STK,SMART/ISLAND,,,,,USD,|SLD|02/25/2015|3|-NRB|+NRB|+NRB
DES,SLCA,STK,SMART/ISLAND,,,,,USD,|SLD|02/25/2015|3|-NRB|+NRB|+NRB
DES,SODA,STK,SMART/ISLAND,,,,,USD,|SLD|02/25/2015|3|-NRB|+NRB|+NRB
DES,DWA,STK,SMART/ISLAND,,,,,USD,|SLD|02/25/2015|3|-NRB|+NRB|+NRB
DES,AKRX,STK,SMART/ISLAND,,,,,USD,|BOT|02/26/2015|3|-NRB|+NRB|+NRB
DES,GPOR,STK,SMART/ISLAND,,,,,USD,|BOT|02/26/2015|3|-NRB|+NRB|+NRB
DES,CRM,STK,SMART/ISLAND,,,,,USD,|BOT|02/26/2015|3|-NRB|+NRB|+NRB
DES,AVGO,STK,SMART/ISLAND,,,,,USD,|BOT|02/26/2015|3|-NRB|+NRB|+NRB
DES,GOGO,STK,SMART/ISLAND,,,,,USD,|BOT|02/26/2015|3|-NRB|+NRB|+NRB
DES,WNR,STK,SMART/ISLAND,,,,,USD,|BOT|02/26/2015|3|-NRB|+NRB|+NRB
DES,MELI,STK,SMART/ISLAND,,,,,USD,|BOT|02/26/2015|3|-NRB|+NRB|+NRB
DES,CTRX,STK,SMART/ISLAND,,,,,USD,|BOT|02/26/2015|3|-NRB|+NRB|+NRB
DES,ELX,STK,SMART/ISLAND,,,,,USD,|BOT|02/26/2015|3|-NRB|+NRB|+NRB
DES,TASR,STK,SMART/ISLAND,,,,,USD,|SLD|02/26/2015|3|-NRB|+NRB|+NRB
DES,SEAS,STK,SMART/ISLAND,,,,,USD,|SLD|02/26/2015|3|-NRB|+NRB|+NRB
DES,LKQ,STK,SMART/ISLAND,,,,,USD,|SLD|02/26/2015|3|-NRB|+NRB|+NRB
DES,ESV,STK,SMART/ISLAND,,,,,USD,|SLD|02/26/2015|3|-NRB|+NRB|+NRB
DES,DDD,STK,SMART/ISLAND,,,,,USD,|SLD|02/26/2015|3|-NRB|+NRB|+NRB
DES,CLNE,STK,SMART/ISLAND,,,,,USD,|BOT|02/27/2015|3|-NRB|+NRB|+NRB
DES,BLOX,STK,SMART/ISLAND,,,,,USD,|BOT|02/27/2015|3|-NRB|+NRB|+NRB
DES,ADSK,STK,SMART/ISLAND,,,,,USD,|BOT|02/27/2015|3|-NRB|+NRB|+NRB
DES,SPLK,STK,SMART/ISLAND,,,,,USD,|BOT|02/27/2015|3|-NRB|+NRB|+NRB
DES,ROST,STK,SMART/ISLAND,,,,,USD,|BOT|02/27/2015|3|-NRB|+NRB|+NRB
DES,GPS,STK,SMART/ISLAND,,,,,USD,|BOT|02/27/2015|3|-NRB|+NRB|+NRB
DES,ARUN,STK,SMART/ISLAND,,,,,USD,|BOT|02/27/2015|3|-NRB|+NRB|+NRB
DES,MNST,STK,SMART/ISLAND,,,,,USD,|BOT|02/27/2015|3|-NRB|+NRB|+NRB
DES,NVAX,STK,SMART/ISLAND,,,,,USD,|SLD|02/27/2015|3|-NRB|+NRB|+NRB
DES,MDRX,STK,SMART/ISLAND,,,,,USD,|SLD|02/27/2015|3|-NRB|+NRB|+NRB
DES,OLED,STK,SMART/ISLAND,,,,,USD,|SLD|02/27/2015|3|-NRB|+NRB|+NRB
DES,JCP,STK,SMART/ISLAND,,,,,USD,|SLD|02/27/2015|3|-NRB|+NRB|+NRB
DES,WTW,STK,SMART/ISLAND,,,,,USD,|SLD|02/27/2015|3|-NRB|+NRB|+NRB
DES,SSYS,STK,SMART/ISLAND,,,,,USD,|BOT|03/02/2015|3|+NRB|+NRB|+NRB
DES,EVEP,STK,SMART/ISLAND,,,,,USD,|BOT|03/02/2015|3|+NRB|+NRB|+NRB
DES,FSL,STK,SMART/ISLAND,,,,,USD,|BOT|03/02/2015|3|+NRB|+NRB|+NRB
DES,NXPI,STK,SMART/ISLAND,,,,,USD,|BOT|03/02/2015|3|+NRB|+NRB|+NRB
DES,NAVI,STK,SMART/ISLAND,,,,,USD,|SLD|03/02/2015|3|+NRB|+NRB|+NRB
DES,GPRO,STK,SMART/ISLAND,,,,,USD,|SLD|03/02/2015|3|+NRB|+NRB|+NRB
DES,JKS,STK,SMART/ISLAND,,,,,USD,|SLD|03/02/2015|3|+NRB|+NRB|+NRB
DES,LL,STK,SMART/ISLAND,,,,,USD,|SLD|03/02/2015|3|+NRB|+NRB|+NRB
DES,JD,STK,SMART/ISLAND,,,,,USD,|BOT|03/03/2015|3|-NRB|+NRB|-NRB
DES,MDR,STK,SMART/ISLAND,,,,,USD,|BOT|03/03/2015|3|-NRB|+NRB|-NRB
DES,XON,STK,SMART/ISLAND,,,,,USD,|BOT|03/03/2015|3|-NRB|+NRB|-NRB
DES,NAV,STK,SMART/ISLAND,,,,,USD,|BOT|03/03/2015|3|-NRB|+NRB|-NRB
DES,AZO,STK,SMART/ISLAND,,,,,USD,|BOT|03/03/2015|3|-NRB|+NRB|-NRB
DES,SLW,STK,SMART/ISLAND,,,,,USD,|SLD|03/03/2015|3|-NRB|+NRB|-NRB
DES,MNKD,STK,SMART/ISLAND,,,,,USD,|SLD|03/03/2015|3|-NRB|+NRB|-NRB
DES,SWHC,STK,SMART/ISLAND,,,,,USD,|BOT|03/04/2015|3|-NRB|+NRB|-NRB
DES,ATHM,STK,SMART/ISLAND,,,,,USD,|BOT|03/04/2015|3|-NRB|+NRB|-NRB
DES,AEO,STK,SMART/ISLAND,,,,,USD,|BOT|03/04/2015|3|-NRB|+NRB|-NRB
DES,TSL,STK,SMART/ISLAND,,,,,USD,|BOT|03/04/2015|3|-NRB|+NRB|-NRB
DES,AMBA,STK,SMART/ISLAND,,,,,USD,|BOT|03/04/2015|3|-NRB|+NRB|-NRB
DES,TIVO,STK,SMART/ISLAND,,,,,USD,|BOT|03/04/2015|3|-NRB|+NRB|-NRB
DES,W,STK,SMART/ISLAND,,,,,USD,|BOT|03/04/2015|3|-NRB|+NRB|-NRB
DES,VEEV,STK,SMART/ISLAND,,,,,USD,|SLD|03/04/2015|3|-NRB|+NRB|-NRB
DES,ASNA,STK,SMART/ISLAND,,,,,USD,|SLD|03/04/2015|3|-NRB|+NRB|-NRB
DES,ANF,STK,SMART/ISLAND,,,,,USD,|SLD|03/04/2015|3|-NRB|+NRB|-NRB
DES,BOBE,STK,SMART/ISLAND,,,,,USD,|SLD|03/04/2015|3|-NRB|+NRB|-NRB
DES,FAST,STK,SMART/ISLAND,,,,,USD,|SLD|03/04/2015|3|-NRB|+NRB|-NRB
DES,KR,STK,SMART/ISLAND,,,,,USD,|BOT|03/05/2015|3|+NRB|+NRB|-NRB
DES,COST,STK,SMART/ISLAND,,,,,USD,|BOT|03/05/2015|3|+NRB|+NRB|-NRB
DES,CSIQ,STK,SMART/ISLAND,,,,,USD,|BOT|03/05/2015|3|+NRB|+NRB|-NRB
DES,PEIX,STK,SMART/ISLAND,,,,,USD,|BOT|03/05/2015|3|+NRB|+NRB|-NRB
DES,EYES,STK,SMART/ISLAND,,,,,USD,|BOT|03/05/2015|3|+NRB|+NRB|-NRB
DES,BRLI,STK,SMART/ISLAND,,,,,USD,|SLD|03/05/2015|3|+NRB|+NRB|-NRB
DES,JOY,STK,SMART/ISLAND,,,,,USD,|SLD|03/05/2015|3|+NRB|+NRB|-NRB
DES,HRB,STK,SMART/ISLAND,,,,,USD,|SLD|03/05/2015|3|+NRB|+NRB|-NRB
DES,SMTC,STK,SMART/ISLAND,,,,,USD,|SLD|03/05/2015|3|+NRB|+NRB|-NRB
DES,ERJ,STK,SMART/ISLAND,,,,,USD,|SLD|03/05/2015|3|+NRB|+NRB|-NRB
DES,FNSR,STK,SMART/ISLAND,,,,,USD,|BOT|03/06/2015|3|-NRB|+NRB|+NRB
DES,YY,STK,SMART/ISLAND,,,,,USD,|BOT|03/06/2015|3|-NRB|+NRB|+NRB
DES,TRCO,STK,SMART/ISLAND,,,,,USD,|BOT|03/06/2015|3|-NRB|+NRB|+NRB
DES,TFM,STK,SMART/ISLAND,,,,,USD,|BOT|03/06/2015|3|-NRB|+NRB|+NRB
DES,FL,STK,SMART/ISLAND,,,,,USD,|BOT|03/06/2015|3|-NRB|+NRB|+NRB
DES,COO,STK,SMART/ISLAND,,,,,USD,|BOT|03/06/2015|3|-NRB|+NRB|+NRB
DES,LULU,STK,SMART/ISLAND,,,,,USD,|SLD|03/06/2015|3|-NRB|+NRB|+NRB
DES,SPLS,STK,SMART/ISLAND,,,,,USD,|SLD|03/06/2015|3|-NRB|+NRB|+NRB
DES,WLL,STK,SMART/ISLAND,,,,,USD,|BOT|03/09/2015|3|+NRB|+NRB|+NRB
DES,MAC,STK,SMART/ISLAND,,,,,USD,|BOT|03/09/2015|3|+NRB|+NRB|+NRB
DES,PNK,STK,SMART/ISLAND,,,,,USD,|BOT|03/09/2015|3|+NRB|+NRB|+NRB
DES,AA,STK,SMART/ISLAND,,,,,USD,|SLD|03/09/2015|3|+NRB|+NRB|+NRB
DES,URBN,STK,SMART/ISLAND,,,,,USD,|BOT|03/10/2015|3|-NRB|+NRB|-NRB
DES,QCOM,STK,SMART/ISLAND,,,,,USD,|BOT|03/10/2015|3|-NRB|+NRB|-NRB
DES,LL,STK,SMART/ISLAND,,,,,USD,|BOT|03/10/2015|3|-NRB|+NRB|-NRB
DES,KFY,STK,SMART/ISLAND,,,,,USD,|SLD|03/10/2015|3|-NRB|+NRB|-NRB
DES,UNFI,STK,SMART/ISLAND,,,,,USD,|SLD|03/10/2015|3|-NRB|+NRB|-NRB
DES,EEP,STK,SMART/ISLAND,,,,,USD,|SLD|03/10/2015|3|-NRB|+NRB|-NRB
DES,WPRT,STK,SMART/ISLAND,,,,,USD,|SLD|03/10/2015|3|-NRB|+NRB|-NRB
DES,ROSE,STK,SMART/ISLAND,,,,,USD,|SLD|03/10/2015|3|-NRB|+NRB|-NRB
DES,EXPR,STK,SMART/ISLAND,,,,,USD,|BOT|03/11/2015|3|+NRB|+NRB|-NRB
DES,GSAT,STK,SMART/ISLAND,,,,,USD,|BOT|03/11/2015|3|+NRB|+NRB|-NRB
DES,SXL,STK,SMART/ISLAND,,,,,USD,|SLD|03/11/2015|3|+NRB|+NRB|-NRB
DES,VRA,STK,SMART/ISLAND,,,,,USD,|SLD|03/11/2015|3|+NRB|+NRB|-NRB
DES,HABT,STK,SMART/ISLAND,,,,,USD,|SLD|03/11/2015|3|+NRB|+NRB|-NRB
DES,JASO,STK,SMART/ISLAND,,,,,USD,|BOT|03/12/2015|3|+NRB|+NRB|+NRB
DES,MW,STK,SMART/ISLAND,,,,,USD,|BOT|03/12/2015|3|+NRB|+NRB|+NRB
DES,DG,STK,SMART/ISLAND,,,,,USD,|BOT|03/12/2015|3|+NRB|+NRB|+NRB
DES,ACAD,STK,SMART/ISLAND,,,,,USD,|SLD|03/12/2015|3|+NRB|+NRB|+NRB
DES,KKD,STK,SMART/ISLAND,,,,,USD,|SLD|03/12/2015|3|+NRB|+NRB|+NRB
DES,INTC,STK,SMART/ISLAND,,,,,USD,|SLD|03/12/2015|3|+NRB|+NRB|+NRB
DES,CYBR,STK,SMART/ISLAND,,,,,USD,|SLD|03/12/2015|3|+NRB|+NRB|+NRB
DES,MU,STK,SMART/ISLAND,,,,,USD,|SLD|03/12/2015|3|+NRB|+NRB|+NRB
DES,BOX,STK,SMART/ISLAND,,,,,USD,|SLD|03/12/2015|3|+NRB|+NRB|+NRB
DES,LOCO,STK,SMART/ISLAND,,,,,USD,|BOT|03/13/2015|3|-NRB|+NRB|+NRB
DES,FXCM,STK,SMART/ISLAND,,,,,USD,|BOT|03/13/2015|3|-NRB|+NRB|+NRB
DES,ULTA,STK,SMART/ISLAND,,,,,USD,|BOT|03/13/2015|3|-NRB|+NRB|+NRB
DES,MBLY,STK,SMART/ISLAND,,,,,USD,|BOT|03/13/2015|3|-NRB|+NRB|+NRB
DES,ARO,STK,SMART/ISLAND,,,,,USD,|SLD|03/13/2015|3|-NRB|+NRB|+NRB
DES,INCY,STK,SMART/ISLAND,,,,,USD,|BOT|03/16/2015|3|+NRB|+NRB|+NRB
DES,SLXP,STK,SMART/ISLAND,,,,,USD,|BOT|03/16/2015|3|+NRB|+NRB|+NRB
DES,AMRN,STK,SMART/ISLAND,,,,,USD,|BOT|03/16/2015|3|+NRB|+NRB|+NRB
DES,ASNA,STK,SMART/ISLAND,,,,,USD,|SLD|03/16/2015|3|+NRB|+NRB|+NRB
DES,DSW,STK,SMART/ISLAND,,,,,USD,|BOT|03/17/2015|3|-NRB|+NRB|+NRB
DES,MGM,STK,SMART/ISLAND,,,,,USD,|BOT|03/17/2015|3|-NRB|+NRB|+NRB
DES,AAL,STK,SMART/ISLAND,,,,,USD,|BOT|03/17/2015|3|-NRB|+NRB|+NRB
DES,PLUG,STK,SMART/ISLAND,,,,,USD,|SLD|03/17/2015|3|-NRB|+NRB|+NRB
DES,MAC,STK,SMART/ISLAND,,,,,USD,|SLD|03/17/2015|3|-NRB|+NRB|+NRB
DES,WTW,STK,SMART/ISLAND,,,,,USD,|SLD|03/17/2015|3|-NRB|+NRB|+NRB
DES,ORCL,STK,SMART/ISLAND,,,,,USD,|BOT|03/18/2015|3|-NRB|+NRB|+WRB
DES,ADBE,STK,SMART/ISLAND,,,,,USD,|SLD|03/18/2015|3|-NRB|+NRB|+WRB
DES,FDX,STK,SMART/ISLAND,,,,,USD,|SLD|03/18/2015|3|-NRB|+NRB|+WRB
DES,RSPP,STK,SMART/ISLAND,,,,,USD,|SLD|03/18/2015|3|-NRB|+NRB|+WRB
DES,ATU,STK,SMART/ISLAND,,,,,USD,|SLD|03/18/2015|3|-NRB|+NRB|+WRB
DES,GES,STK,SMART/ISLAND,,,,,USD,|BOT|03/19/2015|3|-NRB|-NRB|-NRB
DES,LEN,STK,SMART/ISLAND,,,,,USD,|BOT|03/19/2015|3|-NRB|-NRB|-NRB
DES,SHLD,STK,SMART/ISLAND,,,,,USD,|BOT|03/19/2015|3|-NRB|-NRB|-NRB
DES,FOLD,STK,SMART/ISLAND,,,,,USD,|BOT|03/19/2015|3|-NRB|-NRB|-NRB
DES,WSM,STK,SMART/ISLAND,,,,,USD,|SLD|03/19/2015|3|-NRB|-NRB|-NRB
DES,MIK,STK,SMART/ISLAND,,,,,USD,|SLD|03/19/2015|3|-NRB|-NRB|-NRB
DES,NKE,STK,SMART/ISLAND,,,,,USD,|BOT|03/20/2015|3|+NRB|+NRB|+NRB
DES,KBH,STK,SMART/ISLAND,,,,,USD,|BOT|03/20/2015|3|+NRB|+NRB|+NRB
DES,DRI,STK,SMART/ISLAND,,,,,USD,|BOT|03/20/2015|3|+NRB|+NRB|+NRB
DES,BIIB,STK,SMART/ISLAND,,,,,USD,|BOT|03/20/2015|3|+NRB|+NRB|+NRB
DES,CTRP,STK,SMART/ISLAND,,,,,USD,|BOT|03/20/2015|3|+NRB|+NRB|+NRB
DES,YOKU,STK,SMART/ISLAND,,,,,USD,|SLD|03/20/2015|3|+NRB|+NRB|+NRB
DES,TIF,STK,SMART/ISLAND,,,,,USD,|SLD|03/20/2015|3|+NRB|+NRB|+NRB
DES,MAC,STK,SMART/ISLAND,,,,,USD,|SLD|03/20/2015|3|+NRB|+NRB|+NRB
DES,GNW,STK,SMART/ISLAND,,,,,USD,|BOT|03/23/2015|3|+NRB|-NRB|-NRB
DES,THC,STK,SMART/ISLAND,,,,,USD,|BOT|03/23/2015|3|+NRB|-NRB|-NRB
DES,IMGN,STK,SMART/ISLAND,,,,,USD,|BOT|03/23/2015|3|+NRB|-NRB|-NRB
DES,VRTX,STK,SMART/ISLAND,,,,,USD,|SLD|03/23/2015|3|+NRB|-NRB|-NRB
DES,KSU,STK,SMART/ISLAND,,,,,USD,|SLD|03/23/2015|3|+NRB|-NRB|-NRB
DES,MEIP,STK,SMART/ISLAND,,,,,USD,|SLD|03/23/2015|3|+NRB|-NRB|-NRB
DES,CHK,STK,SMART/ISLAND,,,,,USD,|BOT|03/24/2015|3|-NRB|-NRB|-NRB
DES,MKC,STK,SMART/ISLAND,,,,,USD,|BOT|03/24/2015|3|-NRB|-NRB|-NRB
DES,WLL,STK,SMART/ISLAND,,,,,USD,|SLD|03/24/2015|3|-NRB|-NRB|-NRB
DES,RICE,STK,SMART/ISLAND,,,,,USD,|SLD|03/24/2015|3|-NRB|-NRB|-NRB
DES,SONS,STK,SMART/ISLAND,,,,,USD,|SLD|03/24/2015|3|-NRB|-NRB|-NRB
DES,KRFT,STK,SMART/ISLAND,,,,,USD,|BOT|03/25/2015|3|-NRB|-NRB|-WRB
DES,LL,STK,SMART/ISLAND,,,,,USD,|BOT|03/25/2015|3|-NRB|-NRB|-WRB
DES,APOL,STK,SMART/ISLAND,,,,,USD,|SLD|03/25/2015|3|-NRB|-NRB|-WRB
DES,NSM,STK,SMART/ISLAND,,,,,USD,|SLD|03/25/2015|3|-NRB|-NRB|-WRB
DES,FIVE,STK,SMART/ISLAND,,,,,USD,|BOT|03/26/2015|3|-NRB|-NRB|+NRB
DES,RHT,STK,SMART/ISLAND,,,,,USD,|BOT|03/26/2015|3|-NRB|-NRB|+NRB
DES,ACN,STK,SMART/ISLAND,,,,,USD,|BOT|03/26/2015|3|-NRB|-NRB|+NRB
DES,CNAT,STK,SMART/ISLAND,,,,,USD,|BOT|03/26/2015|3|-NRB|-NRB|+NRB
DES,VRNT,STK,SMART/ISLAND,,,,,USD,|SLD|03/26/2015|3|-NRB|-NRB|+NRB
DES,WGO,STK,SMART/ISLAND,,,,,USD,|SLD|03/26/2015|3|-NRB|-NRB|+NRB
DES,SNDK,STK,SMART/ISLAND,,,,,USD,|SLD|03/26/2015|3|-NRB|-NRB|+NRB
DES,OLN,STK,SMART/ISLAND,,,,,USD,|BOT|03/27/2015|3|-NRB|+NRB|+NRB
DES,BBRY,STK,SMART/ISLAND,,,,,USD,|BOT|03/27/2015|3|-NRB|+NRB|+NRB
DES,DOW,STK,SMART/ISLAND,,,,,USD,|BOT|03/27/2015|3|-NRB|+NRB|+NRB
DES,GME,STK,SMART/ISLAND,,,,,USD,|SLD|03/27/2015|3|-NRB|+NRB|+NRB
DES,AEO,STK,SMART/ISLAND,,,,,USD,|SLD|03/27/2015|3|-NRB|+NRB|+NRB
DES,RH,STK,SMART/ISLAND,,,,,USD,|SLD|03/27/2015|3|-NRB|+NRB|+NRB
DES,MSG,STK,SMART/ISLAND,,,,,USD,|BOT|03/30/2015|3|+NRB|+NRB|+NRB
DES,ASPX,STK,SMART/ISLAND,,,,,USD,|BOT|03/30/2015|3|+NRB|+NRB|+NRB
DES,CTRX,STK,SMART/ISLAND,,,,,USD,|BOT|03/30/2015|3|+NRB|+NRB|+NRB
DES,XON,STK,SMART/ISLAND,,,,,USD,|BOT|03/30/2015|3|+NRB|+NRB|+NRB
DES,CHTR,STK,SMART/ISLAND,,,,,USD,|BOT|03/31/2015|3|-NRB|+NRB|-NRB
DES,SHLD,STK,SMART/ISLAND,,,,,USD,|BOT|04/01/2015|3|-NRB|+NRB|-NRB
DES,DYAX,STK,SMART/ISLAND,,,,,USD,|BOT|04/01/2015|3|-NRB|+NRB|-NRB
DES,MAC,STK,SMART/ISLAND,,,,,USD,|SLD|04/01/2015|3|-NRB|+NRB|-NRB
DES,UTIW,STK,SMART/ISLAND,,,,,USD,|SLD|04/01/2015|3|-NRB|+NRB|-NRB
DES,KMX,STK,SMART/ISLAND,,,,,USD,|BOT|04/02/2015|3|+NRB|+NRB|+NRB
DES,LL,STK,SMART/ISLAND,,,,,USD,|BOT|04/02/2015|3|+NRB|+NRB|+NRB
DES,LO,STK,SMART/ISLAND,,,,,USD,|BOT|04/02/2015|3|+NRB|+NRB|+NRB
DES,TRUE,STK,SMART/ISLAND,,,,,USD,|SLD|04/02/2015|3|+NRB|+NRB|+NRB
DES,QCOM,STK,SMART/ISLAND,,,,,USD,|BOT|04/13/2015|3|+NRB|-NRB|-NRB
DES,P,STK,SMART/ISLAND,,,,,USD,|BOT|04/13/2015|3|+NRB|-NRB|-NRB
DES,ARWR,STK,SMART/ISLAND,,,,,USD,|BOT|04/13/2015|3|+NRB|-NRB|-NRB
DES,NFLX,STK,SMART/ISLAND,,,,,USD,|BOT|04/13/2015|3|+NRB|-NRB|-NRB
DES,FAST,STK,SMART/ISLAND,,,,,USD,|BOT|04/14/2015|3|-NRB|-NRB|-NRB
DES,NSC,STK,SMART/ISLAND,,,,,USD,|SLD|04/14/2015|3|-NRB|-NRB|-NRB 
DES,INTC,STK,SMART/ISLAND,,,,,USD,|BOT|04/15/2015|3|+NRB|+NRB|+NRB
DES,SWHC,STK,SMART/ISLAND,,,,,USD,|BOT|04/15/2015|3|+NRB|+NRB|+NRB
DES,PNK,STK,SMART/ISLAND,,,,,USD,|BOT|04/15/2015|3|+NRB|+NRB|+NRB
DES,PCP,STK,SMART/ISLAND,,,,,USD,|SLD|04/15/2015|3|+NRB|+NRB|+NRB
DES,WUBA,STK,SMART/ISLAND,,,,,USD,|SLD|04/15/2015|3|+NRB|+NRB|+NRB
DES,PNRA,STK,SMART/ISLAND,,,,,USD,|BOT|04/16/2015|3|-NRB|+NRB|+NRB
DES,PM,STK,SMART/ISLAND,,,,,USD,|BOT|04/16/2015|3|-NRB|+NRB|+NRB
DES,UNH,STK,SMART/ISLAND,,,,,USD,|BOT|04/16/2015|3|-NRB|+NRB|+NRB
DES,NFLX,STK,SMART/ISLAND,,,,,USD,|BOT|04/16/2015|3|-NRB|+NRB|+NRB
DES,BX,STK,SMART/ISLAND,,,,,USD,|BOT|04/16/2015|3|-NRB|+NRB|+NRB
DES,PCRX,STK,SMART/ISLAND,,,,,USD,|SLD|04/16/2015|3|-NRB|+NRB|+NRB
DES,SNDK,STK,SMART/ISLAND,,,,,USD,|SLD|04/16/2015|3|-NRB|+NRB|+NRB
DES,MAT,STK,SMART/ISLAND,,,,,USD,|BOT|04/17/2015|3|-NRB|-NRB|+NRB
DES,FHN,STK,SMART/ISLAND,,,,,USD,|BOT|04/17/2015|3|-NRB|-NRB|+NRB
DES,CE,STK,SMART/ISLAND,,,,,USD,|BOT|04/17/2015|3|-NRB|-NRB|+NRB
DES,NOW,STK,SMART/ISLAND,,,,,USD,|SLD|04/17/2015|3|-NRB|-NRB|+NRB
DES,MTW,STK,SMART/ISLAND,,,,,USD,|SLD|04/17/2015|3|-NRB|-NRB|+NRB
DES,AMD,STK,SMART/ISLAND,,,,,USD,|SLD|04/17/2015|3|-NRB|-NRB|+NRB
DES,HAS,STK,SMART/ISLAND,,,,,USD,|BOT|04/20/2015|3|+NRB|-NRB|+NRB
DES,RCL,STK,SMART/ISLAND,,,,,USD,|SLD|04/20/2015|3|+NRB|-NRB|+NRB
DES,KMB,STK,SMART/ISLAND,,,,,USD,|BOT|04/21/2015|3|+NRB|-NRB|-NRB
DES,FTNT,STK,SMART/ISLAND,,,,,USD,|BOT|04/21/2015|3|+NRB|-NRB|-NRB
DES,MYL,STK,SMART/ISLAND,,,,,USD,|BOT|04/21/2015|3|+NRB|-NRB|-NRB
DES,LRCX,STK,SMART/ISLAND,,,,,USD,|BOT|04/21/2015|3|+NRB|-NRB|-NRB
DES,HOG,STK,SMART/ISLAND,,,,,USD,|SLD|04/21/2015|3|+NRB|-NRB|-NRB
DES,AMTD,STK,SMART/ISLAND,,,,,USD,|SLD|04/21/2015|3|+NRB|-NRB|-NRB
DES,ITW,STK,SMART/ISLAND,,,,,USD,|SLD|04/21/2015|3|+NRB|-NRB|-NRB
DES,SANM,STK,SMART/ISLAND,,,,,USD,|SLD|04/21/2015|3|+NRB|-NRB|-NRB
DES,ANGI,STK,SMART/ISLAND,,,,,USD,|BOT|04/22/2015|3|+NRB|+NRB|+NRB
DES,BRCM,STK,SMART/ISLAND,,,,,USD,|BOT|04/22/2015|3|+NRB|+NRB|+NRB
DES,INFN,STK,SMART/ISLAND,,,,,USD,|BOT|04/22/2015|3|+NRB|+NRB|+NRB
DES,AMGN,STK,SMART/ISLAND,,,,,USD,|BOT|04/22/2015|3|+NRB|+NRB|+NRB
DES,CAMP,STK,SMART/ISLAND,,,,,USD,|BOT|04/22/2015|3|+NRB|+NRB|+NRB
DES,YUM,STK,SMART/ISLAND,,,,,USD,|BOT|04/22/2015|3|+NRB|+NRB|+NRB
DES,OC,STK,SMART/ISLAND,,,,,USD,|BOT|04/22/2015|3|+NRB|+NRB|+NRB
DES,CMG,STK,SMART/ISLAND,,,,,USD,|SLD|04/22/2015|3|+NRB|+NRB|+NRB
DES,TEL,STK,SMART/ISLAND,,,,,USD,|SLD|04/22/2015|3|+NRB|+NRB|+NRB
DES,TMO,STK,SMART/ISLAND,,,,,USD,|SLD|04/22/2015|3|+NRB|+NRB|+NRB
DES,CAT,STK,SMART/ISLAND,,,,,USD,|BOT|04/23/2015|3|-NRB|+NRB|+NRB
DES,ORLY,STK,SMART/ISLAND,,,,,USD,|BOT|04/23/2015|3|-NRB|+NRB|+NRB
DES,IR,STK,SMART/ISLAND,,,,,USD,|BOT|04/23/2015|3|-NRB|+NRB|+NRB
DES,CAKE,STK,SMART/ISLAND,,,,,USD,|BOT|04/23/2015|3|-NRB|+NRB|+NRB
DES,EBAY,STK,SMART/ISLAND,,,,,USD,|BOT|04/23/2015|3|-NRB|+NRB|+NRB
DES,DNKN,STK,SMART/ISLAND,,,,,USD,|BOT|04/23/2015|3|-NRB|+NRB|+NRB
DES,SKX,STK,SMART/ISLAND,,,,,USD,|BOT|04/23/2015|3|-NRB|+NRB|+NRB
DES,ARRS,STK,SMART/ISLAND,,,,,USD,|BOT|04/23/2015|3|-NRB|+NRB|+NRB
DES,TXN,STK,SMART/ISLAND,,,,,USD,|SLD|04/23/2015|3|-NRB|+NRB|+NRB
DES,LVS,STK,SMART/ISLAND,,,,,USD,|SLD|04/23/2015|3|-NRB|+NRB|+NRB
DES,PHM,STK,SMART/ISLAND,,,,,USD,|SLD|04/23/2015|3|-NRB|+NRB|+NRB
DES,XLNX,STK,SMART/ISLAND,,,,,USD,|SLD|04/23/2015|3|-NRB|+NRB|+NRB
DES,QCOM,STK,SMART/ISLAND,,,,,USD,|SLD|04/23/2015|3|-NRB|+NRB|+NRB
DES,WBC,STK,SMART/ISLAND,,,,,USD,|SLD|04/23/2015|3|-NRB|+NRB|+NRB
DES,ALGN,STK,SMART/ISLAND,,,,,USD,|BOT|04/24/2015|3|+NRB|+NRB|+NRB
DES,JNPR,STK,SMART/ISLAND,,,,,USD,|BOT|04/24/2015|3|+NRB|+NRB|+NRB
DES,NEM,STK,SMART/ISLAND,,,,,USD,|BOT|04/24/2015|3|+NRB|+NRB|+NRB
DES,SHOO,STK,SMART/ISLAND,,,,,USD,|BOT|04/24/2015|3|+NRB|+NRB|+NRB
DES,MSFT,STK,SMART/ISLAND,,,,,USD,|BOT|04/24/2015|3|+NRB|+NRB|+NRB
DES,GOOG,STK,SMART/ISLAND,,,,,USD,|BOT|04/24/2015|3|+NRB|+NRB|+NRB
DES,SBUX,STK,SMART/ISLAND,,,,,USD,|BOT|04/24/2015|3|+NRB|+NRB|+NRB
DES,AMZN,STK,SMART/ISLAND,,,,,USD,|BOT|04/24/2015|3|+NRB|+NRB|+NRB
DES,BIIB,STK,SMART/ISLAND,,,,,USD,|SLD|04/24/2015|3|+NRB|+NRB|+NRB
DES,RMD,STK,SMART/ISLAND,,,,,USD,|SLD|04/24/2015|3|+NRB|+NRB|+NRB
DES,MXIM,STK,SMART/ISLAND,,,,,USD,|SLD|04/24/2015|3|+NRB|+NRB|+NRB
DES,DDD,STK,SMART/ISLAND,,,,,USD,|SLD|04/24/2015|3|+NRB|+NRB|+NRB
DES,VRSN,STK,SMART/ISLAND,,,,,USD,|SLD|04/24/2015|3|+NRB|+NRB|+NRB
DES,XRX,STK,SMART/ISLAND,,,,,USD,|SLD|04/24/2015|3|+NRB|+NRB|+NRB
DES,DV,STK,SMART/ISLAND,,,,,USD,|SLD|04/24/2015|3|+NRB|+NRB|+NRB
DES,AMAT,STK,SMART/ISLAND,,,,,USD,|SLD|04/27/2015|3|+NRB|-NRB|-NRB
DES,AKRX,STK,SMART/ISLAND,,,,,USD,|SLD|04/27/2015|3|+NRB|-NRB|-NRB
DES,SOHU,STK,SMART/ISLAND,,,,,USD,|SLD|04/27/2015|3|+NRB|-NRB|-NRB
DES,MRVL,STK,SMART/ISLAND,,,,,USD,|SLD|04/27/2015|3|+NRB|-NRB|-NRB
DES,CLDN,STK,SMART/ISLAND,,,,,USD,|SLD|04/27/2015|3|+NRB|-NRB|-NRB
DES,MRK,STK,SMART/ISLAND,,,,,USD,|BOT|04/28/2015|3|-NRB|+NRB|+NRB
DES,VDSI,STK,SMART/ISLAND,,,,,USD,|BOT|04/28/2015|3|-NRB|+NRB|+NRB
DES,RCII,STK,SMART/ISLAND,,,,,USD,|BOT|04/28/2015|3|-NRB|+NRB|+NRB
DES,COH,STK,SMART/ISLAND,,,,,USD,|SLD|04/28/2015|3|-NRB|+NRB|+NRB
DES,WHR,STK,SMART/ISLAND,,,,,USD,|SLD|04/28/2015|3|-NRB|+NRB|+NRB
DES,ALSN,STK,SMART/ISLAND,,,,,USD,|SLD|04/28/2015|3|-NRB|+NRB|+NRB
DES,ECL,STK,SMART/ISLAND,,,,,USD,|SLD|04/28/2015|3|-NRB|+NRB|+NRB
DES,YNDX,STK,SMART/ISLAND,,,,,USD,|SLD|04/28/2015|3|-NRB|+NRB|+NRB
DES,TXT,STK,SMART/ISLAND,,,,,USD,|SLD|04/28/2015|3|-NRB|+NRB|+NRB
DES,CHRW,STK,SMART/ISLAND,,,,,USD,|SLD|04/28/2015|3|-NRB|+NRB|+NRB
DES,UTHR,STK,SMART/ISLAND,,,,,USD,|SLD|04/28/2015|3|-NRB|+NRB|+NRB
DES,GPRO,STK,SMART/ISLAND,,,,,USD,|BOT|04/29/2015|3|-NRB|+NRB|+NRB
DES,GNW,STK,SMART/ISLAND,,,,,USD,|BOT|04/29/2015|3|-NRB|+NRB|+NRB
DES,KBR,STK,SMART/ISLAND,,,,,USD,|BOT|04/29/2015|3|-NRB|+NRB|+NRB
DES,HOT,STK,SMART/ISLAND,,,,,USD,|BOT|04/29/2015|3|-NRB|+NRB|+NRB
DES,MDLZ,STK,SMART/ISLAND,,,,,USD,|BOT|04/29/2015|3|-NRB|+NRB|+NRB
DES,WYNN,STK,SMART/ISLAND,,,,,USD,|SLD|04/29/2015|3|-NRB|+NRB|+NRB
DES,TWTR,STK,SMART/ISLAND,,,,,USD,|SLD|04/29/2015|3|-NRB|+NRB|+NRB
DES,SLCA,STK,SMART/ISLAND,,,,,USD,|SLD|04/29/2015|3|-NRB|+NRB|+NRB
DES,RES,STK,SMART/ISLAND,,,,,USD,|SLD|04/29/2015|3|-NRB|+NRB|+NRB
DES,GPRE,STK,SMART/ISLAND,,,,,USD,|SLD|04/29/2015|3|-NRB|+NRB|+NRB
DES,X,STK,SMART/ISLAND,,,,,USD,|SLD|04/29/2015|3|-NRB|+NRB|+NRB
DES,AKAM,STK,SMART/ISLAND,,,,,USD,|SLD|04/29/2015|3|-NRB|+NRB|+NRB
DES,LL,STK,SMART/ISLAND,,,,,USD,|SLD|04/29/2015|3|-NRB|+NRB|+NRB
DES,SSYS,STK,SMART/ISLAND,,,,,USD,|SLD|04/29/2015|3|-NRB|+NRB|+NRB
DES,HOS,STK,SMART/ISLAND,,,,,USD,|BOT|04/30/2015|3|-NRB|+NRB|-NRB
DES,ABC,STK,SMART/ISLAND,,,,,USD,|BOT|04/30/2015|3|-NRB|+NRB|-NRB
DES,TASR,STK,SMART/ISLAND,,,,,USD,|BOT|04/30/2015|3|-NRB|+NRB|-NRB
DES,GLUU,STK,SMART/ISLAND,,,,,USD,|BOT|04/30/2015|3|-NRB|+NRB|-NRB
DES,EQIX,STK,SMART/ISLAND,,,,,USD,|BOT|04/30/2015|3|-NRB|+NRB|-NRB
DES,CELG,STK,SMART/ISLAND,,,,,USD,|SLD|04/30/2015|3|-NRB|+NRB|-NRB
DES,HAR,STK,SMART/ISLAND,,,,,USD,|SLD|04/30/2015|3|-NRB|+NRB|-NRB
DES,GNC,STK,SMART/ISLAND,,,,,USD,|SLD|04/30/2015|3|-NRB|+NRB|-NRB
DES,FLEX,STK,SMART/ISLAND,,,,,USD,|SLD|04/30/2015|3|-NRB|+NRB|-NRB
DES,LNC,STK,SMART/ISLAND,,,,,USD,|SLD|04/30/2015|3|-NRB|+NRB|-NRB
DES,TKR,STK,SMART/ISLAND,,,,,USD,|SLD|04/30/2015|3|-NRB|+NRB|-NRB
DES,DYAX,STK,SMART/ISLAND,,,,,USD,|SLD|04/30/2015|3|-NRB|+NRB|-NRB
DES,YELP,STK,SMART/ISLAND,,,,,USD,|SLD|04/30/2015|3|-NRB|+NRB|-NRB
DES,ATHN,STK,SMART/ISLAND,,,,,USD,|BOT|05/01/2015|3|+NRB|+NRB|+NRB
DES,EXPE,STK,SMART/ISLAND,,,,,USD,|BOT|05/01/2015|3|+NRB|+NRB|+NRB
DES,TER,STK,SMART/ISLAND,,,,,USD,|BOT|05/01/2015|3|+NRB|+NRB|+NRB
DES,CENX,STK,SMART/ISLAND,,,,,USD,|BOT|05/01/2015|3|+NRB|+NRB|+NRB
DES,ISBC,STK,SMART/ISLAND,,,,,USD,|BOT|05/01/2015|3|+NRB|+NRB|+NRB
DES,ALTR,STK,SMART/ISLAND,,,,,USD,|BOT|05/01/2015|3|+NRB|+NRB|+NRB
DES,CTB,STK,SMART/ISLAND,,,,,USD,|SLD|05/01/2015|3|+NRB|+NRB|+NRB
DES,RKUS,STK,SMART/ISLAND,,,,,USD,|SLD|05/01/2015|3|+NRB|+NRB|+NRB
DES,SPWR,STK,SMART/ISLAND,,,,,USD,|SLD|05/01/2015|3|+NRB|+NRB|+NRB
DES,LNKD,STK,SMART/ISLAND,,,,,USD,|SLD|05/01/2015|3|+NRB|+NRB|+NRB
DES,PODD,STK,SMART/ISLAND,,,,,USD,|SLD|05/01/2015|3|+NRB|+NRB|+NRB
DES,CTSH,STK,SMART/ISLAND,,,,,USD,|BOT|05/04/2015|3|+NRB|+NRB|+NRB
DES,RLGY,STK,SMART/ISLAND,,,,,USD,|BOT|05/04/2015|3|+NRB|+NRB|+NRB
DES,ARRY,STK,SMART/ISLAND,,,,,USD,|BOT|05/04/2015|3|+NRB|+NRB|+NRB
DES,ON,STK,SMART/ISLAND,,,,,USD,|BOT|05/04/2015|3|+NRB|+NRB|+NRB
DES,HYH,STK,SMART/ISLAND,,,,,USD,|SLD|05/04/2015|3|+NRB|+NRB|+NRB
DES,MGM,STK,SMART/ISLAND,,,,,USD,|SLD|05/04/2015|3|+NRB|+NRB|+NRB
DES,KERX,STK,SMART/ISLAND,,,,,USD,|SLD|05/04/2015|3|+NRB|+NRB|+NRB
DES,EL,STK,SMART/ISLAND,,,,,USD,|BOT|05/05/2015|3|-NRB|-NRB|-WRB
DES,DIS,STK,SMART/ISLAND,,,,,USD,|BOT|05/05/2015|3|-NRB|-NRB|-WRB
DES,CXO,STK,SMART/ISLAND,,,,,USD,|BOT|05/05/2015|3|-NRB|-NRB|-WRB
DES,IM,STK,SMART/ISLAND,,,,,USD,|BOT|05/05/2015|3|-NRB|-NRB|-WRB
DES,AMAG,STK,SMART/ISLAND,,,,,USD,|BOT|05/05/2015|3|-NRB|-NRB|-WRB
DES,TXRH,STK,SMART/ISLAND,,,,,USD,|BOT|05/05/2015|3|-NRB|-NRB|-WRB
DES,DISCA,STK,SMART/ISLAND,,,,,USD,|BOT|05/05/2015|3|-NRB|-NRB|-WRB
DES,THC,STK,SMART/ISLAND,,,,,USD,|BOT|05/05/2015|3|-NRB|-NRB|-WRB
DES,QLYS,STK,SMART/ISLAND,,,,,USD,|SLD|05/05/2015|3|-NRB|-NRB|-WRB
DES,EMR,STK,SMART/ISLAND,,,,,USD,|SLD|05/05/2015|3|-NRB|-NRB|-WRB
DES,INVN,STK,SMART/ISLAND,,,,,USD,|SLD|05/05/2015|3|-NRB|-NRB|-WRB
DES,KMT,STK,SMART/ISLAND,,,,,USD,|SLD|05/05/2015|3|-NRB|-NRB|-WRB
DES,PTCT,STK,SMART/ISLAND,,,,,USD,|SLD|05/05/2015|3|-NRB|-NRB|-WRB
DES,ROSE,STK,SMART/ISLAND,,,,,USD,|SLD|05/05/2015|3|-NRB|-NRB|-WRB
DES,HLF,STK,SMART/ISLAND,,,,,USD,|BOT|05/06/2015|3|+NRB|-NRB|-NRB
DES,EA,STK,SMART/ISLAND,,,,,USD,|BOT|05/06/2015|3|+NRB|-NRB|-NRB
DES,CMLP,STK,SMART/ISLAND,,,,,USD,|BOT|05/06/2015|3|+NRB|-NRB|-NRB
DES,WU,STK,SMART/ISLAND,,,,,USD,|BOT|05/06/2015|3|+NRB|-NRB|-NRB
DES,HAIN,STK,SMART/ISLAND,,,,,USD,|BOT|05/06/2015|3|+NRB|-NRB|-NRB
DES,WEN,STK,SMART/ISLAND,,,,,USD,|BOT|05/06/2015|3|+NRB|-NRB|-NRB
DES,PTBI,STK,SMART/ISLAND,,,,,USD,|BOT|05/06/2015|3|+NRB|-NRB|-NRB
DES,NDLS,STK,SMART/ISLAND,,,,,USD,|SLD|05/06/2015|3|+NRB|-NRB|-NRB
DES,FOSL,STK,SMART/ISLAND,,,,,USD,|SLD|05/06/2015|3|+NRB|-NRB|-NRB
DES,ALXN,STK,SMART/ISLAND,,,,,USD,|SLD|05/06/2015|3|+NRB|-NRB|-NRB
DES,CERS,STK,SMART/ISLAND,,,,,USD,|SLD|05/06/2015|3|+NRB|-NRB|-NRB
DES,ZU,STK,SMART/ISLAND,,,,,USD,|SLD|05/06/2015|3|+NRB|-NRB|-NRB
DES,BABA,STK,SMART/ISLAND,,,,,USD,|BOT|05/07/2015|3|-NRB|+NRB|+NRB
DES,QRVO,STK,SMART/ISLAND,,,,,USD,|BOT|05/07/2015|3|-NRB|+NRB|+NRB
DES,ANN,STK,SMART/ISLAND,,,,,USD,|BOT|05/07/2015|3|-NRB|+NRB|+NRB
DES,ATML,STK,SMART/ISLAND,,,,,USD,|BOT|05/07/2015|3|-NRB|+NRB|+NRB
DES,ALB,STK,SMART/ISLAND,,,,,USD,|BOT|05/07/2015|3|-NRB|+NRB|+NRB
DES,SUNE,STK,SMART/ISLAND,,,,,USD,|BOT|05/07/2015|3|-NRB|+NRB|+NRB
DES,GMCR,STK,SMART/ISLAND,,,,,USD,|SLD|05/07/2015|3|-NRB|+NRB|+NRB
DES,WFM,STK,SMART/ISLAND,,,,,USD,|SLD|05/07/2015|3|-NRB|+NRB|+NRB
DES,LCI,STK,SMART/ISLAND,,,,,USD,|SLD|05/07/2015|3|-NRB|+NRB|+NRB
DES,NUS,STK,SMART/ISLAND,,,,,USD,|SLD|05/07/2015|3|-NRB|+NRB|+NRB
DES,PCLN,STK,SMART/ISLAND,,,,,USD,|SLD|05/07/2015|3|-NRB|+NRB|+NRB
DES,TSLA,STK,SMART/ISLAND,,,,,USD,|SLD|05/07/2015|3|-NRB|+NRB|+NRB
DES,NUAN,STK,SMART/ISLAND,,,,,USD,|BOT|05/08/2015|3|+WRB|+NRB|+NRB
DES,DATA,STK,SMART/ISLAND,,,,,USD,|BOT|05/08/2015|3|+WRB|+NRB|+NRB
DES,AOL,STK,SMART/ISLAND,,,,,USD,|BOT|05/08/2015|3|+WRB|+NRB|+NRB
DES,WWAV,STK,SMART/ISLAND,,,,,USD,|BOT|05/08/2015|3|+WRB|+NRB|+NRB
DES,SEDG,STK,SMART/ISLAND,,,,,USD,|BOT|05/08/2015|3|+WRB|+NRB|+NRB
DES,NVDA,STK,SMART/ISLAND,,,,,USD,|SLD|05/08/2015|3|+WRB|+NRB|+NRB
DES,SFM,STK,SMART/ISLAND,,,,,USD,|SLD|05/08/2015|3|+WRB|+NRB|+NRB
DES,MNST,STK,SMART/ISLAND,,,,,USD,|SLD|05/08/2015|3|+WRB|+NRB|+NRB
DES,BIOS,STK,SMART/ISLAND,,,,,USD,|SLD|05/08/2015|3|+WRB|+NRB|+NRB
DES,ROSE,STK,SMART/ISLAND,,,,,USD,|BOT|05/11/2015|3|-NRB|-NRB|-NRB
DES,ACT,STK,SMART/ISLAND,,,,,USD,|BOT|05/11/2015|3|-NRB|-NRB|-NRB
DES,DF,STK,SMART/ISLAND,,,,,USD,|BOT|05/11/2015|3|-NRB|-NRB|-NRB
DES,AER,STK,SMART/ISLAND,,,,,USD,|BOT|05/11/2015|3|-NRB|-NRB|-NRB
DES,W,STK,SMART/ISLAND,,,,,USD,|BOT|05/11/2015|3|-NRB|-NRB|-NRB
DES,ZU,STK,SMART/ISLAND,,,,,USD,|BOT|05/11/2015|3|-NRB|-NRB|-NRB
DES,RAX,STK,SMART/ISLAND,,,,,USD,|SLD|05/12/2015|3|-NRB|+NRB|+NRB
DES,CLNE,STK,SMART/ISLAND,,,,,USD,|SLD|05/12/2015|3|-NRB|+NRB|+NRB
DES,DEPO,STK,SMART/ISLAND,,,,,USD,|SLD|05/12/2015|3|-NRB|+NRB|+NRB
DES,NLNK,STK,SMART/ISLAND,,,,,USD,|SLD|05/12/2015|3|-NRB|+NRB|+NRB
DES,MTZ,STK,SMART/ISLAND,,,,,USD,|SLD|05/12/2015|3|-NRB|+NRB|+NRB
DES,YY,STK,SMART/ISLAND,,,,,USD,|SLD|05/12/2015|3|-NRB|+NRB|+NRB
DES,WPZ,STK,SMART/ISLAND,,,,,USD,|BOT|05/13/2015|3|-NRB|-NRB|-NRB
DES,DHR,STK,SMART/ISLAND,,,,,USD,|BOT|05/13/2015|3|-NRB|-NRB|-NRB
DES,VSLR,STK,SMART/ISLAND,,,,,USD,|SLD|05/13/2015|3|-NRB|-NRB|-NRB
DES,RL,STK,SMART/ISLAND,,,,,USD,|SLD|05/13/2015|3|-NRB|-NRB|-NRB
DES,DD,STK,SMART/ISLAND,,,,,USD,|SLD|05/13/2015|3|-NRB|-NRB|-NRB
DES,CTRP,STK,SMART/ISLAND,,,,,USD,|BOT|05/14/2015|3|+NRB|+NRB|+NRB
DES,SHAK,STK,SMART/ISLAND,,,,,USD,|BOT|05/14/2015|3|+NRB|+NRB|+NRB
DES,KSS,STK,SMART/ISLAND,,,,,USD,|SLD|05/14/2015|3|+NRB|+NRB|+NRB
DES,VIPS,STK,SMART/ISLAND,,,,,USD,|SLD|05/14/2015|3|+NRB|+NRB|+NRB
DES,AMAT,STK,SMART/ISLAND,,,,,USD,|BOT|05/15/2015|3|+NRB|+NRB|+NRB
DES,NFLX,STK,SMART/ISLAND,,,,,USD,|BOT|05/15/2015|3|+NRB|+NRB|+NRB
DES,KATE,STK,SMART/ISLAND,,,,,USD,|BOT|05/15/2015|3|+NRB|+NRB|+NRB
DES,GMCR,STK,SMART/ISLAND,,,,,USD,|SLD|05/15/2015|3|+NRB|+NRB|+NRB
DES,KING,STK,SMART/ISLAND,,,,,USD,|SLD|05/15/2015|3|+NRB|+NRB|+NRB
DES,LOCO,STK,SMART/ISLAND,,,,,USD,|SLD|05/15/2015|3|+NRB|+NRB|+NRB
DES,TTWO,STK,SMART/ISLAND,,,,,USD,|BOT|05/19/2015|3|+NRB|+NRB|+NRB
DES,TJX,STK,SMART/ISLAND,,,,,USD,|BOT|05/19/2015|3|+NRB|+NRB|+NRB
DES,DKS,STK,SMART/ISLAND,,,,,USD,|SLD|05/19/2015|3|+NRB|+NRB|+NRB
DES,A,STK,SMART/ISLAND,,,,,USD,|SLD|05/19/2015|3|+NRB|+NRB|+NRB
DES,URBN,STK,SMART/ISLAND,,,,,USD,|SLD|05/19/2015|3|+NRB|+NRB|+NRB
DES,WMT,STK,SMART/ISLAND,,,,,USD,|SLD|05/19/2015|3|+NRB|+NRB|+NRB
DES,AEO,STK,SMART/ISLAND,,,,,USD,|BOT|05/20/2015|3|+NRB|+NRB|+NRB
DES,CSC,STK,SMART/ISLAND,,,,,USD,|BOT|05/20/2015|3|+NRB|+NRB|+NRB
DES,SRPT,STK,SMART/ISLAND,,,,,USD,|BOT|05/20/2015|3|+NRB|+NRB|+NRB
DES,LOW,STK,SMART/ISLAND,,,,,USD,|SLD|05/20/2015|3|+NRB|+NRB|+NRB
DES,KEYS,STK,SMART/ISLAND,,,,,USD,|SLD|05/20/2015|3|+NRB|+NRB|+NRB
DES,ETSY,STK,SMART/ISLAND,,,,,USD,|SLD|05/20/2015|3|+NRB|+NRB|+NRB
DES,BBY,STK,SMART/ISLAND,,,,,USD,|BOT|05/21/2015|3|+NRB|+NRB|+NRB
DES,WSM,STK,SMART/ISLAND,,,,,USD,|BOT|05/21/2015|3|+NRB|+NRB|+NRB
DES,CRM,STK,SMART/ISLAND,,,,,USD,|BOT|05/21/2015|3|+NRB|+NRB|+NRB
DES,BLUE,STK,SMART/ISLAND,,,,,USD,|BOT|05/21/2015|3|+NRB|+NRB|+NRB
DES,DLTR,STK,SMART/ISLAND,,,,,USD,|SLD|05/21/2015|3|+NRB|+NRB|+NRB
DES,NTAP,STK,SMART/ISLAND,,,,,USD,|SLD|05/21/2015|3|+NRB|+NRB|+NRB
DES,SNPS,STK,SMART/ISLAND,,,,,USD,|SLD|05/21/2015|3|+NRB|+NRB|+NRB
DES,LL,STK,SMART/ISLAND,,,,,USD,|SLD|05/21/2015|3|+NRB|+NRB|+NRB
DES,AAP,STK,SMART/ISLAND,,,,,USD,|SLD|05/21/2015|3|+NRB|+NRB|+NRB
DES,FL,STK,SMART/ISLAND,,,,,USD,|BOT|05/22/2015|3|-NRB|+NRB|+NRB
DES,DE,STK,SMART/ISLAND,,,,,USD,|BOT|05/22/2015|3|-NRB|+NRB|+NRB
DES,ONTY,STK,SMART/ISLAND,,,,,USD,|BOT|05/22/2015|3|-NRB|+NRB|+NRB
DES,MRVL,STK,SMART/ISLAND,,,,,USD,|SLD|05/22/2015|3|-NRB|+NRB|+NRB
DES,TIF,STK,SMART/ISLAND,,,,,USD,|BOT|05/27/2015|3|-NRB|-NRB|-NRB
DES,DSW,STK,SMART/ISLAND,,,,,USD,|BOT|05/27/2015|3|-NRB|-NRB|-NRB
DES,KORS,STK,SMART/ISLAND,,,,,USD,|SLD|05/27/2015|3|-NRB|-NRB|-NRB
DES,WDAY,STK,SMART/ISLAND,,,,,USD,|SLD|05/27/2015|3|-NRB|-NRB|-NRB
DES,CHS,STK,SMART/ISLAND,,,,,USD,|SLD|05/27/2015|3|-NRB|-NRB|-NRB
DES,EXPR,STK,SMART/ISLAND,,,,,USD,|BOT|05/28/2015|3|+NRB|+NRB|+NRB
DES,GPRO,STK,SMART/ISLAND,,,,,USD,|BOT|05/28/2015|3|+NRB|+NRB|+NRB
DES,ANF,STK,SMART/ISLAND,,,,,USD,|BOT|05/28/2015|3|+NRB|+NRB|+NRB
DES,SIG,STK,SMART/ISLAND,,,,,USD,|SLD|05/28/2015|3|+NRB|+NRB|+NRB
DES,SMTC,STK,SMART/ISLAND,,,,,USD,|SLD|05/28/2015|3|+NRB|+NRB|+NRB
DES,SAFM,STK,SMART/ISLAND,,,,,USD,|SLD|05/28/2015|3|+NRB|+NRB|+NRB
DES,GME,STK,SMART/ISLAND,,,,,USD,|BOT|05/29/2015|3|+NRB|+NRB|+NRB
DES,ALTR,STK,SMART/ISLAND,,,,,USD,|BOT|05/29/2015|3|+NRB|+NRB|+NRB
DES,ALTR,STK,SMART/ISLAND,,,,,USD,|BOT|06/01/2015|3|-NRB|-NRB|-NRB
DES,PVH,STK,SMART/ISLAND,,,,,USD,|BOT|06/02/2015|3|-NRB|+NRB|+NRB
DES,DG,STK,SMART/ISLAND,,,,,USD,|BOT|06/02/2015|3|-NRB|+NRB|+NRB
DES,CTRP,STK,SMART/ISLAND,,,,,USD,|SLD|06/02/2015|3|-NRB|+NRB|+NRB
DES,FIVE,STK,SMART/ISLAND,,,,,USD,|BOT|06/04/2015|3|-NRB|-NRB|-NRB
DES,DISH,STK,SMART/ISLAND,,,,,USD,|BOT|06/04/2015|3|-NRB|-NRB|-NRB
DES,FEYE,STK,SMART/ISLAND,,,,,USD,|BOT|06/04/2015|3|-NRB|-NRB|-NRB
DES,CIEN,STK,SMART/ISLAND,,,,,USD,|BOT|06/04/2015|3|-NRB|-NRB|-NRB
DES,TMUS,STK,SMART/ISLAND,,,,,USD,|BOT|06/04/2015|3|-NRB|-NRB|-NRB
DES,S,STK,SMART/ISLAND,,,,,USD,|SLD|06/04/2015|3|-NRB|-NRB|-NRB
DES,NAV,STK,SMART/ISLAND,,,,,USD,|SLD|06/04/2015|3|-NRB|-NRB|-NRB
DES,JASO,STK,SMART/ISLAND,,,,,USD,|BOT|06/05/2015|3|-NRB|+NRB|+NRB
DES,ESL,STK,SMART/ISLAND,,,,,USD,|SLD|06/05/2015|3|-NRB|+NRB|+NRB
DES,PLAY,STK,SMART/ISLAND,,,,,USD,|BOT|06/09/2015|3|-NRB|+NRB|+NRB
DES,LULU,STK,SMART/ISLAND,,,,,USD,|BOT|06/09/2015|3|-NRB|+NRB|+NRB
DES,AXN,STK,SMART/ISLAND,,,,,USD,|BOT|06/09/2015|3|-NRB|+NRB|+NRB
DES,BURL,STK,SMART/ISLAND,,,,,USD,|SLD|06/09/2015|3|-NRB|+NRB|+NRB
DES,UNFI,STK,SMART/ISLAND,,,,,USD,|SLD|06/09/2015|3|-NRB|+NRB|+NRB
DES,OXM,STK,SMART/ISLAND,,,,,USD,|BOT|06/10/2015|3|-NRB|+NRB|+WRB
DES,ESPR,STK,SMART/ISLAND,,,,,USD,|SLD|06/10/2015|3|-NRB|+NRB|+WRB
DES,FRAN,STK,SMART/ISLAND,,,,,USD,|SLD|06/10/2015|3|-NRB|+NRB|+WRB
DES,BOX,STK,SMART/ISLAND,,,,,USD,|BOT|06/11/2015|3|-NRB|+NRB|+NRB
DES,KKD,STK,SMART/ISLAND,,,,,USD,|BOT|06/11/2015|3|-NRB|+NRB|+NRB
DES,MW,STK,SMART/ISLAND,,,,,USD,|BOT|06/11/2015|3|-NRB|+NRB|+NRB
DES,COMM,STK,SMART/ISLAND,,,,,USD,|SLD|06/11/2015|3|-NRB|+NRB|+NRB
DES,TWTR,STK,SMART/ISLAND,,,,,USD,|BOT|06/12/2015|3|-NRB|+NRB|+NRB
DES,KFY,STK,SMART/ISLAND,,,,,USD,|BOT|06/12/2015|3|-NRB|+NRB|+NRB
DES,ESI,STK,SMART/ISLAND,,,,,USD,|BOT|06/12/2015|3|-NRB|+NRB|+NRB
DES,MU,STK,SMART/ISLAND,,,,,USD,|SLD|06/15/2015|3|-NRB|+NRB|+NRB
DES,COTY,STK,SMART/ISLAND,,,,,USD,|BOT|06/16/2015|3|-NRB|+NRB|+NRB
DES,AET,STK,SMART/ISLAND,,,,,USD,|BOT|06/16/2015|3|-NRB|+NRB|+NRB
DES,AERI,STK,SMART/ISLAND,,,,,USD,|BOT|06/16/2015|3|-NRB|+NRB|+NRB
DES,AAVL,STK,SMART/ISLAND,,,,,USD,|SLD|06/16/2015|3|-NRB|+NRB|+NRB
DES,BOBE,STK,SMART/ISLAND,,,,,USD,|BOT|06/17/2015|3|+NRB|+NRB|+NRB
DES,SGYP,STK,SMART/ISLAND,,,,,USD,|BOT|06/17/2015|3|+NRB|+NRB|+NRB
DES,KYTH,STK,SMART/ISLAND,,,,,USD,|BOT|06/17/2015|3|+NRB|+NRB|+NRB
DES,DTEA,STK,SMART/ISLAND,,,,,USD,|SLD|06/17/2015|3|+NRB|+NRB|+NRB
DES,FDX,STK,SMART/ISLAND,,,,,USD,|SLD|06/17/2015|3|+NRB|+NRB|+NRB
DES,PIR,STK,SMART/ISLAND,,,,,USD,|BOT|06/18/2015|3|+NRB|+NRB|+NRB
DES,KR,STK,SMART/ISLAND,,,,,USD,|BOT|06/18/2015|3|+NRB|+NRB|+NRB
DES,BMRN,STK,SMART/ISLAND,,,,,USD,|BOT|06/18/2015|3|+NRB|+NRB|+NRB
DES,JBL,STK,SMART/ISLAND,,,,,USD,|SLD|06/18/2015|3|+NRB|+NRB|+NRB
DES,ORCL,STK,SMART/ISLAND,,,,,USD,|SLD|06/18/2015|3|+NRB|+NRB|+NRB
DES,RAD,STK,SMART/ISLAND,,,,,USD,|SLD|06/18/2015|3|+NRB|+NRB|+NRB
DES,RATE,STK,SMART/ISLAND,,,,,USD,|SLD|06/18/2015|3|+NRB|+NRB|+NRB
DES,KBH,STK,SMART/ISLAND,,,,,USD,|BOT|06/19/2015|3|-NRB|+NRB|+NRB
DES,CAG,STK,SMART/ISLAND,,,,,USD,|BOT|06/19/2015|3|-NRB|+NRB|+NRB
DES,MAC,STK,SMART/ISLAND,,,,,USD,|SLD|06/19/2015|3|-NRB|+NRB|+NRB
DES,KMX,STK,SMART/ISLAND,,,,,USD,|SLD|06/19/2015|3|-NRB|+NRB|+NRB
DES,DRI,STK,SMART/ISLAND,,,,,USD,|BOT|06/23/2015|3|+NRB|-NRB|-NRB
DES,GDOT,STK,SMART/ISLAND,,,,,USD,|BOT|06/23/2015|3|+NRB|-NRB|-NRB
DES,SONC,STK,SMART/ISLAND,,,,,USD,|SLD|06/23/2015|3|+NRB|-NRB|-NRB
DES,AMBA,STK,SMART/ISLAND,,,,,USD,|SLD|06/23/2015|3|+NRB|-NRB|-NRB
DES,LEN,STK,SMART/ISLAND,,,,,USD,|BOT|06/24/2015|3|+NRB|-NRB|-NRB
DES,NFLX,STK,SMART/ISLAND,,,,,USD,|BOT|06/24/2015|3|+NRB|-NRB|-NRB
DES,MLHR,STK,SMART/ISLAND,,,,,USD,|BOT|06/25/2015|3|-NRB|-NRB|-NRB
DES,BBBY,STK,SMART/ISLAND,,,,,USD,|SLD|06/25/2015|3|-NRB|-NRB|-NRB
DES,NKE,STK,SMART/ISLAND,,,,,USD,|BOT|06/26/2015|3|-NRB|-NRB|-NRB
DES,FINL,STK,SMART/ISLAND,,,,,USD,|BOT|06/26/2015|3|-NRB|-NRB|-NRB
DES,MU,STK,SMART/ISLAND,,,,,USD,|SLD|06/26/2015|3|-NRB|-NRB|-NRB
DES,MEI,STK,SMART/ISLAND,,,,,USD,|SLD|06/25/2015|3|-NRB|-NRB|-NRB
DES,CREE,STK,SMART/ISLAND,,,,,USD,|SLD|06/25/2015|3|-NRB|-NRB|-NRB
DES,WSH,STK,SMART/ISLAND,,,,,USD,|BOT|06/30/2015|3|+NRB|-NRB|-NRB
DES,JUNO,STK,SMART/ISLAND,,,,,USD,|BOT|06/30/2015|3|+NRB|-NRB|-NRB
DES,APOL,STK,SMART/ISLAND,,,,,USD,|SLD|06/30/2015|3|+NRB|-NRB|-NRB
DES,STZ,STK,SMART/ISLAND,,,,,USD,|BOT|07/01/2015|3|+NRB|-NRB|-NRB
DES,MKC,STK,SMART/ISLAND,,,,,USD,|SLD|07/01/2015|3|+NRB|-NRB|-NRB
DES,CNC,STK,SMART/ISLAND,,,,,USD,|BOT|07/02/2015|3|+NRB|-NRB|-NRB
DES,TSLA,STK,SMART/ISLAND,,,,,USD,|BOT|07/02/2015|3|+NRB|-NRB|-NRB
DES,HNT,STK,SMART/ISLAND,,,,,USD,|BOT|07/02/2015|3|+NRB|-NRB|-NRB
DES,WU,STK,SMART/ISLAND,,,,,USD,|SLD|07/02/2015|3|+NRB|-NRB|-NRB
DES,WTW,STK,SMART/ISLAND,,,,,USD,|BOT|07/06/2015|3|-NRB|+NRB|+NRB
DES,AET,STK,SMART/ISLAND,,,,,USD,|SLD|07/06/2015|3|-NRB|+NRB|+NRB
DES,PNK,STK,SMART/ISLAND,,,,,USD,|BOT|07/07/2015|3|+NRB|+NRB|+NRB
DES,SFM,STK,SMART/ISLAND,,,,,USD,|BOT|07/07/2015|3|+NRB|+NRB|+NRB
DES,AMD,STK,SMART/ISLAND,,,,,USD,|SLD|07/07/2015|3|+NRB|+NRB|+NRB
DES,HELE,STK,SMART/ISLAND,,,,,USD,|SLD|07/10/2015|3|+WRB|-NRB|-NRB
DES,SJM,STK,SMART/ISLAND,,,,,USD,|SLD|07/10/2015|3|+WRB|-NRB|-NRB
DES,CUDA,STK,SMART/ISLAND,,,,,USD,|SLD|07/10/2015|3|+WRB|-NRB|-NRB
DES,ANAC,STK,SMART/ISLAND,,,,,USD,|BOT|07/13/2015|3|+WRB|+NRB|+NRB
DES,MWE,STK,SMART/ISLAND,,,,,USD,|BOT|07/13/2015|3|+WRB|+NRB|+NRB
DES,ASNA,STK,SMART/ISLAND,,,,,USD,|SLD|07/13/2015|3|+WRB|+NRB|+NRB
DES,MU,STK,SMART/ISLAND,,,,,USD,|BOT|07/14/2015|3|+NRB|+NRB|+NRB
DES,SAVE,STK,SMART/ISLAND,,,,,USD,|SLD|07/14/2015|3|+NRB|+NRB|+NRB
DES,NAVI,STK,SMART/ISLAND,,,,,USD,|SLD|07/14/2015|3|+NRB|+NRB|+NRB
DES,CSX,STK,SMART/ISLAND,,,,,USD,|BOT|07/15/2015|3|+NRB|+NRB|+NRB
DES,ADTN,STK,SMART/ISLAND,,,,,USD,|BOT|07/15/2015|3|+NRB|+NRB|+NRB
DES,CELG,STK,SMART/ISLAND,,,,,USD,|BOT|07/15/2015|3|+NRB|+NRB|+NRB
DES,RCPT,STK,SMART/ISLAND,,,,,USD,|BOT|07/15/2015|3|+NRB|+NRB|+NRB
DES,MJN,STK,SMART/ISLAND,,,,,USD,|SLD|07/15/2015|3|+NRB|+NRB|+NRB
DES,ATI,STK,SMART/ISLAND,,,,,USD,|SLD|07/15/2015|3|+NRB|+NRB|+NRB
DES,INTC,STK,SMART/ISLAND,,,,,USD,|BOT|07/16/2015|3|+NRB|+NRB|+NRB
DES,NFLX,STK,SMART/ISLAND,,,,,USD,|BOT|07/16/2015|3|+NRB|+NRB|+NRB
DES,EBAY,STK,SMART/ISLAND,,,,,USD,|BOT|07/16/2015|3|+NRB|+NRB|+NRB
DES,GRMN,STK,SMART/ISLAND,,,,,USD,|SLD|07/16/2015|3|+NRB|+NRB|+NRB
DES,SHW,STK,SMART/ISLAND,,,,,USD,|SLD|07/16/2015|3|+NRB|+NRB|+NRB
DES,ROVI,STK,SMART/ISLAND,,,,,USD,|SLD|07/16/2015|3|+NRB|+NRB|+NRB
DES,FCS,STK,SMART/ISLAND,,,,,USD,|SLD|07/16/2015|3|+NRB|+NRB|+NRB
DES,KSU,STK,SMART/ISLAND,,,,,USD,|BOT|07/17/2015|3|+NRB|+NRB|+NRB
DES,HTZ,STK,SMART/ISLAND,,,,,USD,|BOT|07/17/2015|3|+NRB|+NRB|+NRB
DES,GOOG,STK,SMART/ISLAND,,,,,USD,|BOT|07/17/2015|3|+NRB|+NRB|+NRB
DES,CYT,STK,SMART/ISLAND,,,,,USD,|SLD|07/17/2015|3|+NRB|+NRB|+NRB
DES,SWI,STK,SMART/ISLAND,,,,,USD,|SLD|07/17/2015|3|+NRB|+NRB|+NRB
DES,HAS,STK,SMART/ISLAND,,,,,USD,|BOT|07/20/2015|3|+NRB|-NRB|-NRB
DES,VSLR,STK,SMART/ISLAND,,,,,USD,|BOT|07/20/2015|3|+NRB|-NRB|-NRB
DES,EXEL,STK,SMART/ISLAND,,,,,USD,|BOT|07/20/2015|3|+NRB|-NRB|-NRB
DES,CALM,STK,SMART/ISLAND,,,,,USD,|SLD|07/20/2015|3|+NRB|-NRB|-NRB
DES,HOG,STK,SMART/ISLAND,,,,,USD,|BOT|07/21/2015|3|-NRB|-NRB|-NRB
DES,SANM,STK,SMART/ISLAND,,,,,USD,|BOT|07/21/2015|3|-NRB|-NRB|-NRB
DES,LXK,STK,SMART/ISLAND,,,,,USD,|SLD|07/21/2015|3|-NRB|-NRB|-NRB
DES,RHT,STK,SMART/ISLAND,,,,,USD,|SLD|07/21/2015|3|-NRB|-NRB|-NRB
DES,UTX,STK,SMART/ISLAND,,,,,USD,|SLD|07/21/2015|3|-NRB|-NRB|-NRB
DES,IBM,STK,SMART/ISLAND,,,,,USD,|SLD|07/21/2015|3|-NRB|-NRB|-NRB
DES,ATI,STK,SMART/ISLAND,,,,,USD,|SLD|07/21/2015|3|-NRB|-NRB|-NRB
DES,UNFI,STK,SMART/ISLAND,,,,,USD,|SLD|07/21/2015|3|-NRB|-NRB|-NRB
DES,WWW,STK,SMART/ISLAND,,,,,USD,|SLD|07/21/2015|3|-NRB|-NRB|-NRB
DES,HLX,STK,SMART/ISLAND,,,,,USD,|SLD|07/21/2015|3|-NRB|-NRB|-NRB
DES,SEIC,STK,SMART/ISLAND,,,,,USD,|BOT|07/22/2015|3|-NRB|+NRB|+NRB
DES,CHKP,STK,SMART/ISLAND,,,,,USD,|BOT|07/22/2015|3|-NRB|+NRB|+NRB
DES,WHR,STK,SMART/ISLAND,,,,,USD,|BOT|07/22/2015|3|-NRB|+NRB|+NRB
DES,THOR,STK,SMART/ISLAND,,,,,USD,|BOT|07/22/2015|3|-NRB|+NRB|+NRB
DES,ILMN,STK,SMART/ISLAND,,,,,USD,|SLD|07/22/2015|3|-NRB|+NRB|+NRB
DES,MSFT,STK,SMART/ISLAND,,,,,USD,|SLD|07/22/2015|3|-NRB|+NRB|+NRB
DES,LLTC,STK,SMART/ISLAND,,,,,USD,|SLD|07/22/2015|3|-NRB|+NRB|+NRB
DES,BEAV,STK,SMART/ISLAND,,,,,USD,|SLD|07/22/2015|3|-NRB|+NRB|+NRB
DES,AAPL,STK,SMART/ISLAND,,,,,USD,|SLD|07/22/2015|3|-NRB|+NRB|+NRB
DES,GM,STK,SMART/ISLAND,,,,,USD,|BOT|07/23/2015|3|-NRB|-NRB|-NRB
DES,LUV,STK,SMART/ISLAND,,,,,USD,|BOT|07/23/2015|3|-NRB|-NRB|-NRB
DES,FTK,STK,SMART/ISLAND,,,,,USD,|BOT|07/23/2015|3|-NRB|-NRB|-NRB
DES,CRUS,STK,SMART/ISLAND,,,,,USD,|BOT|07/23/2015|3|-NRB|-NRB|-NRB
DES,SNDK,STK,SMART/ISLAND,,,,,USD,|BOT|07/23/2015|3|-NRB|-NRB|-NRB
DES,FFIV,STK,SMART/ISLAND,,,,,USD,|BOT|07/23/2015|3|-NRB|-NRB|-NRB
DES,UA,STK,SMART/ISLAND,,,,,USD,|BOT|07/23/2015|3|-NRB|-NRB|-NRB
DES,VRX,STK,SMART/ISLAND,,,,,USD,|BOT|07/23/2015|3|-NRB|-NRB|-NRB
DES,CAKE,STK,SMART/ISLAND,,,,,USD,|BOT|07/23/2015|3|-NRB|-NRB|-NRB
DES,FTNT,STK,SMART/ISLAND,,,,,USD,|BOT|07/23/2015|3|-NRB|-NRB|-NRB
DES,CAT,STK,SMART/ISLAND,,,,,USD,|SLD|07/23/2015|3|-NRB|-NRB|-NRB
DES,URI,STK,SMART/ISLAND,,,,,USD,|SLD|07/23/2015|3|-NRB|-NRB|-NRB
DES,CVA,STK,SMART/ISLAND,,,,,USD,|SLD|07/23/2015|3|-NRB|-NRB|-NRB
DES,MXIM,STK,SMART/ISLAND,,,,,USD,|BOT|07/24/2015|3|-NRB|+NRB|+NRB
DES,BPOP,STK,SMART/ISLAND,,,,,USD,|BOT|07/24/2015|3|-NRB|+NRB|+NRB
DES,JNPR,STK,SMART/ISLAND,,,,,USD,|BOT|07/24/2015|3|-NRB|+NRB|+NRB
DES,MKTO,STK,SMART/ISLAND,,,,,USD,|BOT|07/24/2015|3|-NRB|+NRB|+NRB
DES,P,STK,SMART/ISLAND,,,,,USD,|BOT|07/24/2015|3|-NRB|+NRB|+NRB
DES,TRN,STK,SMART/ISLAND,,,,,USD,|BOT|07/24/2015|3|-NRB|+NRB|+NRB
DES,QLIK,STK,SMART/ISLAND,,,,,USD,|BOT|07/24/2015|3|-NRB|+NRB|+NRB
DES,V,STK,SMART/ISLAND,,,,,USD,|BOT|07/24/2015|3|-NRB|+NRB|+NRB
DES,SBUX,STK,SMART/ISLAND,,,,,USD,|BOT|07/24/2015|3|-NRB|+NRB|+NRB
DES,AMZN,STK,SMART/ISLAND,,,,,USD,|BOT|07/24/2015|3|-NRB|+NRB|+NRB
DES,BIIB,STK,SMART/ISLAND,,,,,USD,|SLD|07/24/2015|3|-NRB|+NRB|+NRB
DES,COF,STK,SMART/ISLAND,,,,,USD,|SLD|07/24/2015|3|-NRB|+NRB|+NRB
DES,TRIP,STK,SMART/ISLAND,,,,,USD,|SLD|07/24/2015|3|-NRB|+NRB|+NRB
DES,ABBV,STK,SMART/ISLAND,,,,,USD,|SLD|07/24/2015|3|-NRB|+NRB|+NRB
DES,SPNC,STK,SMART/ISLAND,,,,,USD,|SLD|07/24/2015|3|-NRB|+NRB|+NRB
DES,TEVA,STK,SMART/ISLAND,,,,,USD,|BOT|07/27/2015|3|-NRB|-NRB|-NRB
DES,SOHU,STK,SMART/ISLAND,,,,,USD,|SLD|07/27/2015|3|-NRB|+NRB|+NRB
DES,MYL,STK,SMART/ISLAND,,,,,USD,|SLD|07/27/2015|3|-NRB|+NRB|+NRB
DES,GRUB,STK,SMART/ISLAND,,,,,USD,|BOT|07/28/2015|3|+NRB|+NRB|+NRB
DES,UPS,STK,SMART/ISLAND,,,,,USD,|BOT|07/28/2015|3|+NRB|+NRB|+NRB
DES,IPGP,STK,SMART/ISLAND,,,,,USD,|BOT|07/28/2015|3|+NRB|+NRB|+NRB
DES,SVU,STK,SMART/ISLAND,,,,,USD,|BOT|07/28/2015|3|+NRB|+NRB|+NRB
DES,CMI,STK,SMART/ISLAND,,,,,USD,|BOT|07/28/2015|3|+NRB|+NRB|+NRB
DES,TXT,STK,SMART/ISLAND,,,,,USD,|BOT|07/28/2015|3|+NRB|+NRB|+NRB
DES,BIDU,STK,SMART/ISLAND,,,,,USD,|SLD|07/28/2015|3|+NRB|+NRB|+NRB
DES,AVB,STK,SMART/ISLAND,,,,,USD,|SLD|07/28/2015|3|+NRB|+NRB|+NRB
DES,UTHR,STK,SMART/ISLAND,,,,,USD,|SLD|07/28/2015|3|+NRB|+NRB|+NRB
DES,DD,STK,SMART/ISLAND,,,,,USD,|SLD|07/28/2015|3|+NRB|+NRB|+NRB
DES,CVLT,STK,SMART/ISLAND,,,,,USD,|SLD|07/28/2015|3|+NRB|+NRB|+NRB
DES,BWLD,STK,SMART/ISLAND,,,,,USD,|BOT|07/29/2015|3|+NRB|+NRB|+NRB
DES,PNRA,STK,SMART/ISLAND,,,,,USD,|BOT|07/29/2015|3|+NRB|+NRB|+NRB
DES,NUVA,STK,SMART/ISLAND,,,,,USD,|BOT|07/29/2015|3|+NRB|+NRB|+NRB
DES,CTXS,STK,SMART/ISLAND,,,,,USD,|BOT|07/29/2015|3|+NRB|+NRB|+NRB
DES,CHRW,STK,SMART/ISLAND,,,,,USD,|BOT|07/29/2015|3|+NRB|+NRB|+NRB
DES,HUN,STK,SMART/ISLAND,,,,,USD,|BOT|07/29/2015|3|+NRB|+NRB|+NRB
DES,AKAM,STK,SMART/ISLAND,,,,,USD,|SLD|07/29/2015|3|+NRB|+NRB|+NRB
DES,DATA,STK,SMART/ISLAND,,,,,USD,|SLD|07/29/2015|3|+NRB|+NRB|+NRB
DES,YELP,STK,SMART/ISLAND,,,,,USD,|SLD|07/29/2015|3|+NRB|+NRB|+NRB
DES,MDCO,STK,SMART/ISLAND,,,,,USD,|SLD|07/29/2015|3|+NRB|+NRB|+NRB
DES,VDSI,STK,SMART/ISLAND,,,,,USD,|SLD|07/29/2015|3|+NRB|+NRB|+NRB
DES,TWTR,STK,SMART/ISLAND,,,,,USD,|SLD|07/29/2015|3|+NRB|+NRB|+NRB
DES,OTEX,STK,SMART/ISLAND,,,,,USD,|BOT|07/30/2015|3|-NRB|+NRB|+NRB
DES,WDC,STK,SMART/ISLAND,,,,,USD,|BOT|07/30/2015|3|-NRB|+NRB|+NRB
DES,TER,STK,SMART/ISLAND,,,,,USD,|BOT|07/30/2015|3|-NRB|+NRB|+NRB
DES,APD,STK,SMART/ISLAND,,,,,USD,|BOT|07/30/2015|3|-NRB|+NRB|+NRB
DES,HOLX,STK,SMART/ISLAND,,,,,USD,|BOT|07/30/2015|3|-NRB|+NRB|+NRB
DES,SKX,STK,SMART/ISLAND,,,,,USD,|BOT|07/30/2015|3|-NRB|+NRB|+NRB
DES,WFM,STK,SMART/ISLAND,,,,,USD,|SLD|07/30/2015|3|-NRB|+NRB|+NRB
DES,CAVM,STK,SMART/ISLAND,,,,,USD,|SLD|07/30/2015|3|-NRB|+NRB|+NRB
DES,SSYS,STK,SMART/ISLAND,,,,,USD,|SLD|07/30/2015|3|-NRB|+NRB|+NRB
DES,OSK,STK,SMART/ISLAND,,,,,USD,|SLD|07/30/2015|3|-NRB|+NRB|+NRB
DES,LINE,STK,SMART/ISLAND,,,,,USD,|SLD|07/30/2015|3|-NRB|+NRB|+NRB
DES,MPC,STK,SMART/ISLAND,,,,,USD,|SLD|07/30/2015|3|-NRB|+NRB|+NRB
DES,DDD,STK,SMART/ISLAND,,,,,USD,|SLD|07/30/2015|3|-NRB|+NRB|+NRB
DES,EXPE,STK,SMART/ISLAND,,,,,USD,|BOT|07/31/2015|3|+NRB|-NRB|-NRB
DES,WU,STK,SMART/ISLAND,,,,,USD,|BOT|07/31/2015|3|+NRB|-NRB|-NRB
DES,YRCW,STK,SMART/ISLAND,,,,,USD,|BOT|07/31/2015|3|+NRB|-NRB|-NRB
DES,RCL,STK,SMART/ISLAND,,,,,USD,|BOT|07/31/2015|3|+NRB|-NRB|-NRB
DES,WETF,STK,SMART/ISLAND,,,,,USD,|BOT|07/31/2015|3|+NRB|-NRB|-NRB
DES,CCE,STK,SMART/ISLAND,,,,,USD,|BOT|07/31/2015|3|+NRB|-NRB|-NRB
DES,HBI,STK,SMART/ISLAND,,,,,USD,|SLD|07/31/2015|3|+NRB|-NRB|-NRB
DES,SYNA,STK,SMART/ISLAND,,,,,USD,|SLD|07/31/2015|3|+NRB|-NRB|-NRB
DES,QLGC,STK,SMART/ISLAND,,,,,USD,|SLD|07/31/2015|3|+NRB|-NRB|-NRB
DES,LNKD,STK,SMART/ISLAND,,,,,USD,|SLD|07/31/2015|3|+NRB|-NRB|-NRB
DES,OCN,STK,SMART/ISLAND,,,,,USD,|SLD|07/31/2015|3|+NRB|-NRB|-NRB
DES,FEYE,STK,SMART/ISLAND,,,,,USD,|SLD|07/31/2015|3|+NRB|-NRB|-NRB
DES,FTR,STK,SMART/ISLAND,,,,,USD,|BOT|08/03/2015|3|+NRB|-NRB|-NRB
DES,TSN,STK,SMART/ISLAND,,,,,USD,|SLD|08/03/2015|3|+NRB|-NRB|-NRB
DES,TREX,STK,SMART/ISLAND,,,,,USD,|SLD|08/03/2015|3|+NRB|-NRB|-NRB
DES,COH,STK,SMART/ISLAND,,,,,USD,|BOT|08/04/2015|3|+NRB|-NRB|-NRB
DES,CYH,STK,SMART/ISLAND,,,,,USD,|BOT|08/04/2015|3|+NRB|-NRB|-NRB
DES,IDTI,STK,SMART/ISLAND,,,,,USD,|BOT|08/04/2015|3|+NRB|-NRB|-NRB
DES,NCLH,STK,SMART/ISLAND,,,,,USD,|BOT|08/04/2015|3|+NRB|-NRB|-NRB
DES,REGN,STK,SMART/ISLAND,,,,,USD,|BOT|08/04/2015|3|+NRB|-NRB|-NRB
DES,BXLT,STK,SMART/ISLAND,,,,,USD,|BOT|08/04/2015|3|+NRB|-NRB|-NRB
DES,ALL,STK,SMART/ISLAND,,,,,USD,|SLD|08/04/2015|3|+NRB|-NRB|-NRB
DES,TXRH,STK,SMART/ISLAND,,,,,USD,|SLD|08/04/2015|3|+NRB|-NRB|-NRB
DES,TNET,STK,SMART/ISLAND,,,,,USD,|SLD|08/04/2015|3|+NRB|-NRB|-NRB
DES,CGNX,STK,SMART/ISLAND,,,,,USD,|SLD|08/04/2015|3|+NRB|-NRB|-NRB
DES,FSLR,STK,SMART/ISLAND,,,,,USD,|BOT|08/05/2015|3|+NRB|-NRB|-NRB
DES,SMCI,STK,SMART/ISLAND,,,,,USD,|BOT|08/05/2015|3|+NRB|-NRB|-NRB
DES,KATE,STK,SMART/ISLAND,,,,,USD,|BOT|08/05/2015|3|+NRB|-NRB|-NRB
DES,CTSH,STK,SMART/ISLAND,,,,,USD,|BOT|08/05/2015|3|+NRB|-NRB|-NRB
DES,MSI,STK,SMART/ISLAND,,,,,USD,|BOT|08/05/2015|3|+NRB|-NRB|-NRB
DES,ATVI,STK,SMART/ISLAND,,,,,USD,|BOT|08/05/2015|3|+NRB|-NRB|-NRB
DES,Z,STK,SMART/ISLAND,,,,,USD,|BOT|08/05/2015|3|+NRB|-NRB|-NRB
DES,ZEN,STK,SMART/ISLAND,,,,,USD,|BOT|08/05/2015|3|+NRB|-NRB|-NRB
DES,PCLN,STK,SMART/ISLAND,,,,,USD,|BOT|08/05/2015|3|+NRB|-NRB|-NRB
DES,DIS,STK,SMART/ISLAND,,,,,USD,|SLD|08/05/2015|3|+NRB|-NRB|-NRB
DES,CERN,STK,SMART/ISLAND,,,,,USD,|SLD|08/05/2015|3|+NRB|-NRB|-NRB
DES,TWX,STK,SMART/ISLAND,,,,,USD,|SLD|08/05/2015|3|+NRB|-NRB|-NRB
DES,PWR,STK,SMART/ISLAND,,,,,USD,|SLD|08/05/2015|3|+NRB|-NRB|-NRB
DES,GNW,STK,SMART/ISLAND,,,,,USD,|SLD|08/05/2015|3|+NRB|-NRB|-NRB
DES,ETSY,STK,SMART/ISLAND,,,,,USD,|SLD|08/05/2015|3|+NRB|-NRB|-NRB
DES,LL,STK,SMART/ISLAND,,,,,USD,|SLD|08/05/2015|3|+NRB|-NRB|-NRB
DES,KORS,STK,SMART/ISLAND,,,,,USD,|BOT|08/06/2015|3|+NRB|-NRB|-NRB
DES,WIN,STK,SMART/ISLAND,,,,,USD,|BOT|08/06/2015|3|+NRB|-NRB|-NRB
DES,WTW,STK,SMART/ISLAND,,,,,USD,|BOT|08/06/2015|3|+NRB|-NRB|-NRB
DES,CF,STK,SMART/ISLAND,,,,,USD,|BOT|08/06/2015|3|+NRB|-NRB|-NRB
DES,TSLA,STK,SMART/ISLAND,,,,,USD,|SLD|08/06/2015|3|+NRB|-NRB|-NRB
DES,TDC,STK,SMART/ISLAND,,,,,USD,|SLD|08/06/2015|3|+NRB|-NRB|-NRB
DES,GMCR,STK,SMART/ISLAND,,,,,USD,|SLD|08/06/2015|3|+NRB|-NRB|-NRB
DES,GNRC,STK,SMART/ISLAND,,,,,USD,|SLD|08/06/2015|3|+NRB|-NRB|-NRB
DES,SEAS,STK,SMART/ISLAND,,,,,USD,|SLD|08/06/2015|3|+NRB|-NRB|-NRB
DES,FOXA,STK,SMART/ISLAND,,,,,USD,|SLD|08/06/2015|3|+NRB|-NRB|-NRB
DES,FIT,STK,SMART/ISLAND,,,,,USD,|SLD|08/06/2015|3|+NRB|-NRB|-NRB
DES,EAT,STK,SMART/ISLAND,,,,,USD,|SLD|08/06/2015|3|+NRB|-NRB|-NRB






